ISO-10303-21;
HEADER;
/* Generated by software containing ST-Developer
 * from STEP Tools, Inc. (www.steptools.com) 
 */

FILE_DESCRIPTION(
/* description */ (''),
/* implementation_level */ '2;1');

FILE_NAME(
/* name */ 'truss2.step',
/* time_stamp */ '2026-08-18T23:42:37+05:30',
/* author */ (''),
/* organization */ (''),
/* preprocessor_version */ 'ST-DEVELOPER v20.1',
/* originating_system */ 'Autodesk Translation Framework v15.8.0.0',
/* authorisation */ '');

FILE_SCHEMA (('AUTOMOTIVE_DESIGN { 1 0 10303 214 3 1 1 }'));
ENDSEC;

DATA;
#10=MECHANICAL_DESIGN_GEOMETRIC_PRESENTATION_REPRESENTATION('',(#17),#2392);
#11=ITEM_DEFINED_TRANSFORMATION($,$,#1526,#1602);
#12=(
REPRESENTATION_RELATIONSHIP($,$,#2403,#2402)
REPRESENTATION_RELATIONSHIP_WITH_TRANSFORMATION(#11)
SHAPE_REPRESENTATION_RELATIONSHIP()
);
#13=CONTEXT_DEPENDENT_SHAPE_REPRESENTATION(#12,#2401);
#14=NEXT_ASSEMBLY_USAGE_OCCURRENCE('Truss 1:1','Truss 1:1','Truss 1:1',
#2405,#2406,'Truss 1:1');
#15=SHAPE_REPRESENTATION_RELATIONSHIP('SRR','None',#2403,#16);
#16=ADVANCED_BREP_SHAPE_REPRESENTATION('',(#18),#2391);
#17=STYLED_ITEM('',(#2416),#18);
#18=MANIFOLD_SOLID_BREP('2',#1512);
#19=FACE_BOUND('',#181,.T.);
#20=FACE_BOUND('',#184,.T.);
#21=FACE_BOUND('',#185,.T.);
#22=FACE_BOUND('',#186,.T.);
#23=FACE_BOUND('',#187,.T.);
#24=FACE_BOUND('',#188,.T.);
#25=FACE_BOUND('',#192,.T.);
#26=FACE_BOUND('',#193,.T.);
#27=FACE_BOUND('',#194,.T.);
#28=FACE_BOUND('',#195,.T.);
#29=FACE_BOUND('',#196,.T.);
#30=FACE_BOUND('',#197,.T.);
#31=FACE_BOUND('',#198,.T.);
#32=FACE_BOUND('',#204,.T.);
#33=PLANE('',#1533);
#34=PLANE('',#1534);
#35=PLANE('',#1535);
#36=PLANE('',#1536);
#37=PLANE('',#1537);
#38=PLANE('',#1538);
#39=PLANE('',#1539);
#40=PLANE('',#1540);
#41=PLANE('',#1541);
#42=PLANE('',#1542);
#43=PLANE('',#1543);
#44=PLANE('',#1544);
#45=PLANE('',#1545);
#46=PLANE('',#1546);
#47=PLANE('',#1547);
#48=PLANE('',#1548);
#49=PLANE('',#1549);
#50=PLANE('',#1550);
#51=PLANE('',#1551);
#52=PLANE('',#1552);
#53=PLANE('',#1553);
#54=PLANE('',#1554);
#55=PLANE('',#1555);
#56=PLANE('',#1556);
#57=PLANE('',#1557);
#58=PLANE('',#1558);
#59=PLANE('',#1559);
#60=PLANE('',#1560);
#61=PLANE('',#1561);
#62=PLANE('',#1562);
#63=PLANE('',#1563);
#64=PLANE('',#1564);
#65=PLANE('',#1565);
#66=PLANE('',#1566);
#67=PLANE('',#1567);
#68=PLANE('',#1568);
#69=PLANE('',#1569);
#70=PLANE('',#1570);
#71=PLANE('',#1571);
#72=PLANE('',#1572);
#73=PLANE('',#1573);
#74=PLANE('',#1574);
#75=PLANE('',#1575);
#76=PLANE('',#1576);
#77=PLANE('',#1577);
#78=PLANE('',#1578);
#79=PLANE('',#1579);
#80=PLANE('',#1580);
#81=PLANE('',#1581);
#82=PLANE('',#1582);
#83=PLANE('',#1583);
#84=PLANE('',#1584);
#85=PLANE('',#1585);
#86=PLANE('',#1586);
#87=PLANE('',#1587);
#88=PLANE('',#1588);
#89=PLANE('',#1589);
#90=PLANE('',#1590);
#91=PLANE('',#1591);
#92=PLANE('',#1592);
#93=PLANE('',#1593);
#94=PLANE('',#1594);
#95=PLANE('',#1595);
#96=PLANE('',#1596);
#97=PLANE('',#1597);
#98=PLANE('',#1598);
#99=PLANE('',#1599);
#100=PLANE('',#1600);
#101=PLANE('',#1601);
#102=FACE_OUTER_BOUND('',#173,.T.);
#103=FACE_OUTER_BOUND('',#174,.T.);
#104=FACE_OUTER_BOUND('',#175,.T.);
#105=FACE_OUTER_BOUND('',#176,.T.);
#106=FACE_OUTER_BOUND('',#177,.T.);
#107=FACE_OUTER_BOUND('',#178,.T.);
#108=FACE_OUTER_BOUND('',#179,.T.);
#109=FACE_OUTER_BOUND('',#180,.T.);
#110=FACE_OUTER_BOUND('',#182,.T.);
#111=FACE_OUTER_BOUND('',#183,.T.);
#112=FACE_OUTER_BOUND('',#189,.T.);
#113=FACE_OUTER_BOUND('',#190,.T.);
#114=FACE_OUTER_BOUND('',#191,.T.);
#115=FACE_OUTER_BOUND('',#199,.T.);
#116=FACE_OUTER_BOUND('',#200,.T.);
#117=FACE_OUTER_BOUND('',#201,.T.);
#118=FACE_OUTER_BOUND('',#202,.T.);
#119=FACE_OUTER_BOUND('',#203,.T.);
#120=FACE_OUTER_BOUND('',#205,.T.);
#121=FACE_OUTER_BOUND('',#206,.T.);
#122=FACE_OUTER_BOUND('',#207,.T.);
#123=FACE_OUTER_BOUND('',#208,.T.);
#124=FACE_OUTER_BOUND('',#209,.T.);
#125=FACE_OUTER_BOUND('',#210,.T.);
#126=FACE_OUTER_BOUND('',#211,.T.);
#127=FACE_OUTER_BOUND('',#212,.T.);
#128=FACE_OUTER_BOUND('',#213,.T.);
#129=FACE_OUTER_BOUND('',#214,.T.);
#130=FACE_OUTER_BOUND('',#215,.T.);
#131=FACE_OUTER_BOUND('',#216,.T.);
#132=FACE_OUTER_BOUND('',#217,.T.);
#133=FACE_OUTER_BOUND('',#218,.T.);
#134=FACE_OUTER_BOUND('',#219,.T.);
#135=FACE_OUTER_BOUND('',#220,.T.);
#136=FACE_OUTER_BOUND('',#221,.T.);
#137=FACE_OUTER_BOUND('',#222,.T.);
#138=FACE_OUTER_BOUND('',#223,.T.);
#139=FACE_OUTER_BOUND('',#224,.T.);
#140=FACE_OUTER_BOUND('',#225,.T.);
#141=FACE_OUTER_BOUND('',#226,.T.);
#142=FACE_OUTER_BOUND('',#227,.T.);
#143=FACE_OUTER_BOUND('',#228,.T.);
#144=FACE_OUTER_BOUND('',#229,.T.);
#145=FACE_OUTER_BOUND('',#230,.T.);
#146=FACE_OUTER_BOUND('',#231,.T.);
#147=FACE_OUTER_BOUND('',#232,.T.);
#148=FACE_OUTER_BOUND('',#233,.T.);
#149=FACE_OUTER_BOUND('',#234,.T.);
#150=FACE_OUTER_BOUND('',#235,.T.);
#151=FACE_OUTER_BOUND('',#236,.T.);
#152=FACE_OUTER_BOUND('',#237,.T.);
#153=FACE_OUTER_BOUND('',#238,.T.);
#154=FACE_OUTER_BOUND('',#239,.T.);
#155=FACE_OUTER_BOUND('',#240,.T.);
#156=FACE_OUTER_BOUND('',#241,.T.);
#157=FACE_OUTER_BOUND('',#242,.T.);
#158=FACE_OUTER_BOUND('',#243,.T.);
#159=FACE_OUTER_BOUND('',#244,.T.);
#160=FACE_OUTER_BOUND('',#245,.T.);
#161=FACE_OUTER_BOUND('',#246,.T.);
#162=FACE_OUTER_BOUND('',#247,.T.);
#163=FACE_OUTER_BOUND('',#248,.T.);
#164=FACE_OUTER_BOUND('',#249,.T.);
#165=FACE_OUTER_BOUND('',#250,.T.);
#166=FACE_OUTER_BOUND('',#251,.T.);
#167=FACE_OUTER_BOUND('',#252,.T.);
#168=FACE_OUTER_BOUND('',#253,.T.);
#169=FACE_OUTER_BOUND('',#254,.T.);
#170=FACE_OUTER_BOUND('',#255,.T.);
#171=FACE_OUTER_BOUND('',#256,.T.);
#172=FACE_OUTER_BOUND('',#257,.T.);
#173=EDGE_LOOP('',(#1021,#1022,#1023,#1024));
#174=EDGE_LOOP('',(#1025,#1026,#1027,#1028));
#175=EDGE_LOOP('',(#1029,#1030,#1031,#1032));
#176=EDGE_LOOP('',(#1033,#1034,#1035,#1036));
#177=EDGE_LOOP('',(#1037,#1038,#1039,#1040));
#178=EDGE_LOOP('',(#1041,#1042,#1043,#1044));
#179=EDGE_LOOP('',(#1045,#1046,#1047,#1048));
#180=EDGE_LOOP('',(#1049,#1050,#1051,#1052));
#181=EDGE_LOOP('',(#1053));
#182=EDGE_LOOP('',(#1054,#1055,#1056,#1057,#1058,#1059));
#183=EDGE_LOOP('',(#1060,#1061,#1062,#1063,#1064,#1065,#1066,#1067,#1068,
#1069,#1070,#1071,#1072,#1073,#1074,#1075,#1076,#1077,#1078,#1079,#1080,
#1081,#1082,#1083,#1084,#1085,#1086,#1087,#1088,#1089,#1090,#1091,#1092,
#1093,#1094,#1095));
#184=EDGE_LOOP('',(#1096,#1097,#1098,#1099));
#185=EDGE_LOOP('',(#1100,#1101,#1102,#1103,#1104,#1105));
#186=EDGE_LOOP('',(#1106,#1107,#1108,#1109,#1110));
#187=EDGE_LOOP('',(#1111,#1112,#1113,#1114));
#188=EDGE_LOOP('',(#1115,#1116,#1117,#1118));
#189=EDGE_LOOP('',(#1119,#1120,#1121,#1122,#1123,#1124));
#190=EDGE_LOOP('',(#1125,#1126,#1127,#1128,#1129,#1130,#1131,#1132));
#191=EDGE_LOOP('',(#1133,#1134,#1135,#1136,#1137,#1138,#1139,#1140,#1141,
#1142,#1143,#1144,#1145,#1146,#1147,#1148,#1149,#1150,#1151,#1152,#1153,
#1154,#1155,#1156,#1157,#1158,#1159,#1160,#1161,#1162,#1163,#1164,#1165,
#1166,#1167,#1168,#1169,#1170));
#192=EDGE_LOOP('',(#1171,#1172,#1173,#1174));
#193=EDGE_LOOP('',(#1175,#1176,#1177,#1178,#1179,#1180));
#194=EDGE_LOOP('',(#1181,#1182,#1183,#1184,#1185));
#195=EDGE_LOOP('',(#1186,#1187,#1188,#1189));
#196=EDGE_LOOP('',(#1190,#1191,#1192,#1193));
#197=EDGE_LOOP('',(#1194));
#198=EDGE_LOOP('',(#1195));
#199=EDGE_LOOP('',(#1196,#1197,#1198,#1199,#1200,#1201,#1202));
#200=EDGE_LOOP('',(#1203,#1204,#1205,#1206));
#201=EDGE_LOOP('',(#1207,#1208,#1209,#1210));
#202=EDGE_LOOP('',(#1211,#1212,#1213,#1214));
#203=EDGE_LOOP('',(#1215,#1216,#1217,#1218));
#204=EDGE_LOOP('',(#1219));
#205=EDGE_LOOP('',(#1220,#1221,#1222,#1223,#1224,#1225,#1226));
#206=EDGE_LOOP('',(#1227,#1228,#1229,#1230));
#207=EDGE_LOOP('',(#1231,#1232,#1233,#1234,#1235,#1236));
#208=EDGE_LOOP('',(#1237,#1238,#1239,#1240));
#209=EDGE_LOOP('',(#1241,#1242,#1243,#1244));
#210=EDGE_LOOP('',(#1245,#1246,#1247,#1248));
#211=EDGE_LOOP('',(#1249,#1250,#1251,#1252));
#212=EDGE_LOOP('',(#1253,#1254,#1255,#1256));
#213=EDGE_LOOP('',(#1257,#1258,#1259,#1260));
#214=EDGE_LOOP('',(#1261,#1262,#1263,#1264));
#215=EDGE_LOOP('',(#1265,#1266,#1267,#1268));
#216=EDGE_LOOP('',(#1269,#1270,#1271,#1272));
#217=EDGE_LOOP('',(#1273,#1274,#1275,#1276));
#218=EDGE_LOOP('',(#1277,#1278,#1279,#1280));
#219=EDGE_LOOP('',(#1281,#1282,#1283,#1284));
#220=EDGE_LOOP('',(#1285,#1286,#1287,#1288));
#221=EDGE_LOOP('',(#1289,#1290,#1291,#1292));
#222=EDGE_LOOP('',(#1293,#1294,#1295,#1296));
#223=EDGE_LOOP('',(#1297,#1298,#1299,#1300));
#224=EDGE_LOOP('',(#1301,#1302,#1303,#1304));
#225=EDGE_LOOP('',(#1305,#1306,#1307,#1308));
#226=EDGE_LOOP('',(#1309,#1310,#1311,#1312));
#227=EDGE_LOOP('',(#1313,#1314,#1315,#1316));
#228=EDGE_LOOP('',(#1317,#1318,#1319,#1320));
#229=EDGE_LOOP('',(#1321,#1322,#1323,#1324));
#230=EDGE_LOOP('',(#1325,#1326,#1327,#1328));
#231=EDGE_LOOP('',(#1329,#1330,#1331,#1332));
#232=EDGE_LOOP('',(#1333,#1334,#1335,#1336));
#233=EDGE_LOOP('',(#1337,#1338,#1339,#1340));
#234=EDGE_LOOP('',(#1341,#1342,#1343,#1344));
#235=EDGE_LOOP('',(#1345,#1346,#1347,#1348));
#236=EDGE_LOOP('',(#1349,#1350,#1351,#1352));
#237=EDGE_LOOP('',(#1353,#1354,#1355,#1356));
#238=EDGE_LOOP('',(#1357,#1358,#1359,#1360));
#239=EDGE_LOOP('',(#1361,#1362,#1363,#1364));
#240=EDGE_LOOP('',(#1365,#1366,#1367,#1368));
#241=EDGE_LOOP('',(#1369,#1370,#1371,#1372));
#242=EDGE_LOOP('',(#1373,#1374,#1375,#1376));
#243=EDGE_LOOP('',(#1377,#1378,#1379,#1380));
#244=EDGE_LOOP('',(#1381,#1382,#1383,#1384));
#245=EDGE_LOOP('',(#1385,#1386,#1387,#1388));
#246=EDGE_LOOP('',(#1389,#1390,#1391,#1392));
#247=EDGE_LOOP('',(#1393,#1394,#1395,#1396));
#248=EDGE_LOOP('',(#1397,#1398,#1399,#1400));
#249=EDGE_LOOP('',(#1401,#1402,#1403,#1404));
#250=EDGE_LOOP('',(#1405,#1406,#1407,#1408));
#251=EDGE_LOOP('',(#1409,#1410,#1411,#1412));
#252=EDGE_LOOP('',(#1413,#1414,#1415,#1416));
#253=EDGE_LOOP('',(#1417,#1418,#1419,#1420));
#254=EDGE_LOOP('',(#1421,#1422,#1423,#1424));
#255=EDGE_LOOP('',(#1425,#1426,#1427,#1428));
#256=EDGE_LOOP('',(#1429,#1430,#1431,#1432));
#257=EDGE_LOOP('',(#1433,#1434,#1435,#1436,#1437,#1438));
#258=LINE('',#1970,#463);
#259=LINE('',#1976,#464);
#260=LINE('',#1981,#465);
#261=LINE('',#1983,#466);
#262=LINE('',#1985,#467);
#263=LINE('',#1986,#468);
#264=LINE('',#1990,#469);
#265=LINE('',#1992,#470);
#266=LINE('',#1994,#471);
#267=LINE('',#1995,#472);
#268=LINE('',#1999,#473);
#269=LINE('',#2001,#474);
#270=LINE('',#2003,#475);
#271=LINE('',#2004,#476);
#272=LINE('',#2008,#477);
#273=LINE('',#2010,#478);
#274=LINE('',#2012,#479);
#275=LINE('',#2013,#480);
#276=LINE('',#2015,#481);
#277=LINE('',#2016,#482);
#278=LINE('',#2018,#483);
#279=LINE('',#2019,#484);
#280=LINE('',#2022,#485);
#281=LINE('',#2024,#486);
#282=LINE('',#2025,#487);
#283=LINE('',#2028,#488);
#284=LINE('',#2030,#489);
#285=LINE('',#2032,#490);
#286=LINE('',#2033,#491);
#287=LINE('',#2035,#492);
#288=LINE('',#2037,#493);
#289=LINE('',#2039,#494);
#290=LINE('',#2041,#495);
#291=LINE('',#2043,#496);
#292=LINE('',#2045,#497);
#293=LINE('',#2047,#498);
#294=LINE('',#2049,#499);
#295=LINE('',#2051,#500);
#296=LINE('',#2053,#501);
#297=LINE('',#2055,#502);
#298=LINE('',#2057,#503);
#299=LINE('',#2059,#504);
#300=LINE('',#2061,#505);
#301=LINE('',#2063,#506);
#302=LINE('',#2065,#507);
#303=LINE('',#2067,#508);
#304=LINE('',#2069,#509);
#305=LINE('',#2071,#510);
#306=LINE('',#2073,#511);
#307=LINE('',#2075,#512);
#308=LINE('',#2077,#513);
#309=LINE('',#2079,#514);
#310=LINE('',#2081,#515);
#311=LINE('',#2083,#516);
#312=LINE('',#2085,#517);
#313=LINE('',#2087,#518);
#314=LINE('',#2089,#519);
#315=LINE('',#2090,#520);
#316=LINE('',#2093,#521);
#317=LINE('',#2095,#522);
#318=LINE('',#2097,#523);
#319=LINE('',#2098,#524);
#320=LINE('',#2101,#525);
#321=LINE('',#2103,#526);
#322=LINE('',#2105,#527);
#323=LINE('',#2107,#528);
#324=LINE('',#2109,#529);
#325=LINE('',#2110,#530);
#326=LINE('',#2113,#531);
#327=LINE('',#2115,#532);
#328=LINE('',#2117,#533);
#329=LINE('',#2119,#534);
#330=LINE('',#2120,#535);
#331=LINE('',#2123,#536);
#332=LINE('',#2125,#537);
#333=LINE('',#2127,#538);
#334=LINE('',#2128,#539);
#335=LINE('',#2131,#540);
#336=LINE('',#2133,#541);
#337=LINE('',#2135,#542);
#338=LINE('',#2136,#543);
#339=LINE('',#2139,#544);
#340=LINE('',#2140,#545);
#341=LINE('',#2143,#546);
#342=LINE('',#2145,#547);
#343=LINE('',#2147,#548);
#344=LINE('',#2148,#549);
#345=LINE('',#2151,#550);
#346=LINE('',#2153,#551);
#347=LINE('',#2155,#552);
#348=LINE('',#2157,#553);
#349=LINE('',#2159,#554);
#350=LINE('',#2161,#555);
#351=LINE('',#2163,#556);
#352=LINE('',#2165,#557);
#353=LINE('',#2167,#558);
#354=LINE('',#2169,#559);
#355=LINE('',#2171,#560);
#356=LINE('',#2173,#561);
#357=LINE('',#2175,#562);
#358=LINE('',#2177,#563);
#359=LINE('',#2179,#564);
#360=LINE('',#2181,#565);
#361=LINE('',#2183,#566);
#362=LINE('',#2185,#567);
#363=LINE('',#2187,#568);
#364=LINE('',#2189,#569);
#365=LINE('',#2191,#570);
#366=LINE('',#2193,#571);
#367=LINE('',#2195,#572);
#368=LINE('',#2197,#573);
#369=LINE('',#2199,#574);
#370=LINE('',#2201,#575);
#371=LINE('',#2203,#576);
#372=LINE('',#2204,#577);
#373=LINE('',#2206,#578);
#374=LINE('',#2208,#579);
#375=LINE('',#2210,#580);
#376=LINE('',#2212,#581);
#377=LINE('',#2213,#582);
#378=LINE('',#2216,#583);
#379=LINE('',#2218,#584);
#380=LINE('',#2220,#585);
#381=LINE('',#2221,#586);
#382=LINE('',#2224,#587);
#383=LINE('',#2226,#588);
#384=LINE('',#2228,#589);
#385=LINE('',#2230,#590);
#386=LINE('',#2232,#591);
#387=LINE('',#2233,#592);
#388=LINE('',#2236,#593);
#389=LINE('',#2238,#594);
#390=LINE('',#2240,#595);
#391=LINE('',#2242,#596);
#392=LINE('',#2243,#597);
#393=LINE('',#2246,#598);
#394=LINE('',#2248,#599);
#395=LINE('',#2250,#600);
#396=LINE('',#2251,#601);
#397=LINE('',#2254,#602);
#398=LINE('',#2256,#603);
#399=LINE('',#2258,#604);
#400=LINE('',#2259,#605);
#401=LINE('',#2261,#606);
#402=LINE('',#2264,#607);
#403=LINE('',#2266,#608);
#404=LINE('',#2267,#609);
#405=LINE('',#2270,#610);
#406=LINE('',#2272,#611);
#407=LINE('',#2273,#612);
#408=LINE('',#2275,#613);
#409=LINE('',#2276,#614);
#410=LINE('',#2280,#615);
#411=LINE('',#2281,#616);
#412=LINE('',#2282,#617);
#413=LINE('',#2284,#618);
#414=LINE('',#2286,#619);
#415=LINE('',#2288,#620);
#416=LINE('',#2289,#621);
#417=LINE('',#2292,#622);
#418=LINE('',#2294,#623);
#419=LINE('',#2295,#624);
#420=LINE('',#2297,#625);
#421=LINE('',#2298,#626);
#422=LINE('',#2300,#627);
#423=LINE('',#2301,#628);
#424=LINE('',#2303,#629);
#425=LINE('',#2304,#630);
#426=LINE('',#2306,#631);
#427=LINE('',#2307,#632);
#428=LINE('',#2309,#633);
#429=LINE('',#2310,#634);
#430=LINE('',#2312,#635);
#431=LINE('',#2313,#636);
#432=LINE('',#2315,#637);
#433=LINE('',#2317,#638);
#434=LINE('',#2318,#639);
#435=LINE('',#2320,#640);
#436=LINE('',#2323,#641);
#437=LINE('',#2326,#642);
#438=LINE('',#2328,#643);
#439=LINE('',#2330,#644);
#440=LINE('',#2332,#645);
#441=LINE('',#2333,#646);
#442=LINE('',#2337,#647);
#443=LINE('',#2338,#648);
#444=LINE('',#2342,#649);
#445=LINE('',#2343,#650);
#446=LINE('',#2345,#651);
#447=LINE('',#2348,#652);
#448=LINE('',#2351,#653);
#449=LINE('',#2354,#654);
#450=LINE('',#2359,#655);
#451=LINE('',#2362,#656);
#452=LINE('',#2363,#657);
#453=LINE('',#2365,#658);
#454=LINE('',#2367,#659);
#455=LINE('',#2370,#660);
#456=LINE('',#2371,#661);
#457=LINE('',#2373,#662);
#458=LINE('',#2375,#663);
#459=LINE('',#2378,#664);
#460=LINE('',#2379,#665);
#461=LINE('',#2381,#666);
#462=LINE('',#2383,#667);
#463=VECTOR('',#1611,1.5);
#464=VECTOR('',#1618,1.5);
#465=VECTOR('',#1623,10.);
#466=VECTOR('',#1624,10.);
#467=VECTOR('',#1625,10.);
#468=VECTOR('',#1626,10.);
#469=VECTOR('',#1629,10.);
#470=VECTOR('',#1630,10.);
#471=VECTOR('',#1631,10.);
#472=VECTOR('',#1632,10.);
#473=VECTOR('',#1635,10.);
#474=VECTOR('',#1636,10.);
#475=VECTOR('',#1637,10.);
#476=VECTOR('',#1638,10.);
#477=VECTOR('',#1641,10.);
#478=VECTOR('',#1642,10.);
#479=VECTOR('',#1643,10.);
#480=VECTOR('',#1644,10.);
#481=VECTOR('',#1647,10.);
#482=VECTOR('',#1648,10.);
#483=VECTOR('',#1651,10.);
#484=VECTOR('',#1652,10.);
#485=VECTOR('',#1655,10.);
#486=VECTOR('',#1656,10.);
#487=VECTOR('',#1657,10.);
#488=VECTOR('',#1660,10.);
#489=VECTOR('',#1661,10.);
#490=VECTOR('',#1662,10.);
#491=VECTOR('',#1663,10.);
#492=VECTOR('',#1664,10.);
#493=VECTOR('',#1665,10.);
#494=VECTOR('',#1666,10.);
#495=VECTOR('',#1667,10.);
#496=VECTOR('',#1668,10.);
#497=VECTOR('',#1669,10.);
#498=VECTOR('',#1670,10.);
#499=VECTOR('',#1671,10.);
#500=VECTOR('',#1672,10.);
#501=VECTOR('',#1673,10.);
#502=VECTOR('',#1674,10.);
#503=VECTOR('',#1675,10.);
#504=VECTOR('',#1676,10.);
#505=VECTOR('',#1677,10.);
#506=VECTOR('',#1678,10.);
#507=VECTOR('',#1679,10.);
#508=VECTOR('',#1680,10.);
#509=VECTOR('',#1681,10.);
#510=VECTOR('',#1682,10.);
#511=VECTOR('',#1683,10.);
#512=VECTOR('',#1684,10.);
#513=VECTOR('',#1685,10.);
#514=VECTOR('',#1686,10.);
#515=VECTOR('',#1687,10.);
#516=VECTOR('',#1688,10.);
#517=VECTOR('',#1689,10.);
#518=VECTOR('',#1690,10.);
#519=VECTOR('',#1691,10.);
#520=VECTOR('',#1692,10.);
#521=VECTOR('',#1693,10.);
#522=VECTOR('',#1694,10.);
#523=VECTOR('',#1695,10.);
#524=VECTOR('',#1696,10.);
#525=VECTOR('',#1697,10.);
#526=VECTOR('',#1698,10.);
#527=VECTOR('',#1699,10.);
#528=VECTOR('',#1700,10.);
#529=VECTOR('',#1701,10.);
#530=VECTOR('',#1702,10.);
#531=VECTOR('',#1703,10.);
#532=VECTOR('',#1704,10.);
#533=VECTOR('',#1705,10.);
#534=VECTOR('',#1706,10.);
#535=VECTOR('',#1707,10.);
#536=VECTOR('',#1708,10.);
#537=VECTOR('',#1709,10.);
#538=VECTOR('',#1710,10.);
#539=VECTOR('',#1711,10.);
#540=VECTOR('',#1712,10.);
#541=VECTOR('',#1713,10.);
#542=VECTOR('',#1714,10.);
#543=VECTOR('',#1715,10.);
#544=VECTOR('',#1718,10.);
#545=VECTOR('',#1719,10.);
#546=VECTOR('',#1722,10.);
#547=VECTOR('',#1723,10.);
#548=VECTOR('',#1724,10.);
#549=VECTOR('',#1725,10.);
#550=VECTOR('',#1728,10.);
#551=VECTOR('',#1729,10.);
#552=VECTOR('',#1730,10.);
#553=VECTOR('',#1731,10.);
#554=VECTOR('',#1732,10.);
#555=VECTOR('',#1733,10.);
#556=VECTOR('',#1734,10.);
#557=VECTOR('',#1735,10.);
#558=VECTOR('',#1736,10.);
#559=VECTOR('',#1737,10.);
#560=VECTOR('',#1738,10.);
#561=VECTOR('',#1739,10.);
#562=VECTOR('',#1740,10.);
#563=VECTOR('',#1741,10.);
#564=VECTOR('',#1742,10.);
#565=VECTOR('',#1743,10.);
#566=VECTOR('',#1744,10.);
#567=VECTOR('',#1745,10.);
#568=VECTOR('',#1746,10.);
#569=VECTOR('',#1747,10.);
#570=VECTOR('',#1748,10.);
#571=VECTOR('',#1749,10.);
#572=VECTOR('',#1750,10.);
#573=VECTOR('',#1751,10.);
#574=VECTOR('',#1752,10.);
#575=VECTOR('',#1753,10.);
#576=VECTOR('',#1754,10.);
#577=VECTOR('',#1755,10.);
#578=VECTOR('',#1756,10.);
#579=VECTOR('',#1757,10.);
#580=VECTOR('',#1758,10.);
#581=VECTOR('',#1759,10.);
#582=VECTOR('',#1760,10.);
#583=VECTOR('',#1761,10.);
#584=VECTOR('',#1762,10.);
#585=VECTOR('',#1763,10.);
#586=VECTOR('',#1764,10.);
#587=VECTOR('',#1765,10.);
#588=VECTOR('',#1766,10.);
#589=VECTOR('',#1767,10.);
#590=VECTOR('',#1768,10.);
#591=VECTOR('',#1769,10.);
#592=VECTOR('',#1770,10.);
#593=VECTOR('',#1771,10.);
#594=VECTOR('',#1772,10.);
#595=VECTOR('',#1773,10.);
#596=VECTOR('',#1774,10.);
#597=VECTOR('',#1775,10.);
#598=VECTOR('',#1776,10.);
#599=VECTOR('',#1777,10.);
#600=VECTOR('',#1778,10.);
#601=VECTOR('',#1779,10.);
#602=VECTOR('',#1780,10.);
#603=VECTOR('',#1781,10.);
#604=VECTOR('',#1782,10.);
#605=VECTOR('',#1783,10.);
#606=VECTOR('',#1786,10.);
#607=VECTOR('',#1789,10.);
#608=VECTOR('',#1790,10.);
#609=VECTOR('',#1791,10.);
#610=VECTOR('',#1794,10.);
#611=VECTOR('',#1795,10.);
#612=VECTOR('',#1796,10.);
#613=VECTOR('',#1799,10.);
#614=VECTOR('',#1800,10.);
#615=VECTOR('',#1803,10.);
#616=VECTOR('',#1804,10.);
#617=VECTOR('',#1805,10.);
#618=VECTOR('',#1808,10.);
#619=VECTOR('',#1811,10.);
#620=VECTOR('',#1814,10.);
#621=VECTOR('',#1815,10.);
#622=VECTOR('',#1820,10.);
#623=VECTOR('',#1823,10.);
#624=VECTOR('',#1824,10.);
#625=VECTOR('',#1827,10.);
#626=VECTOR('',#1828,10.);
#627=VECTOR('',#1831,10.);
#628=VECTOR('',#1832,10.);
#629=VECTOR('',#1835,10.);
#630=VECTOR('',#1836,10.);
#631=VECTOR('',#1839,10.);
#632=VECTOR('',#1840,10.);
#633=VECTOR('',#1843,10.);
#634=VECTOR('',#1844,10.);
#635=VECTOR('',#1847,10.);
#636=VECTOR('',#1848,10.);
#637=VECTOR('',#1851,10.);
#638=VECTOR('',#1854,10.);
#639=VECTOR('',#1855,10.);
#640=VECTOR('',#1858,10.);
#641=VECTOR('',#1863,10.);
#642=VECTOR('',#1868,10.);
#643=VECTOR('',#1871,10.);
#644=VECTOR('',#1874,10.);
#645=VECTOR('',#1877,10.);
#646=VECTOR('',#1878,10.);
#647=VECTOR('',#1885,10.);
#648=VECTOR('',#1886,10.);
#649=VECTOR('',#1893,10.);
#650=VECTOR('',#1894,10.);
#651=VECTOR('',#1897,10.);
#652=VECTOR('',#1902,10.);
#653=VECTOR('',#1907,10.);
#654=VECTOR('',#1912,10.);
#655=VECTOR('',#1921,10.);
#656=VECTOR('',#1926,10.);
#657=VECTOR('',#1927,10.);
#658=VECTOR('',#1930,10.);
#659=VECTOR('',#1933,10.);
#660=VECTOR('',#1938,10.);
#661=VECTOR('',#1939,10.);
#662=VECTOR('',#1942,10.);
#663=VECTOR('',#1945,10.);
#664=VECTOR('',#1950,10.);
#665=VECTOR('',#1951,10.);
#666=VECTOR('',#1954,10.);
#667=VECTOR('',#1957,10.);
#668=CIRCLE('',#1528,1.5);
#669=CIRCLE('',#1529,1.5);
#670=CIRCLE('',#1531,1.5);
#671=CIRCLE('',#1532,1.5);
#672=VERTEX_POINT('',#1967);
#673=VERTEX_POINT('',#1969);
#674=VERTEX_POINT('',#1973);
#675=VERTEX_POINT('',#1975);
#676=VERTEX_POINT('',#1979);
#677=VERTEX_POINT('',#1980);
#678=VERTEX_POINT('',#1982);
#679=VERTEX_POINT('',#1984);
#680=VERTEX_POINT('',#1988);
#681=VERTEX_POINT('',#1989);
#682=VERTEX_POINT('',#1991);
#683=VERTEX_POINT('',#1993);
#684=VERTEX_POINT('',#1997);
#685=VERTEX_POINT('',#1998);
#686=VERTEX_POINT('',#2000);
#687=VERTEX_POINT('',#2002);
#688=VERTEX_POINT('',#2006);
#689=VERTEX_POINT('',#2007);
#690=VERTEX_POINT('',#2009);
#691=VERTEX_POINT('',#2011);
#692=VERTEX_POINT('',#2021);
#693=VERTEX_POINT('',#2023);
#694=VERTEX_POINT('',#2027);
#695=VERTEX_POINT('',#2029);
#696=VERTEX_POINT('',#2031);
#697=VERTEX_POINT('',#2034);
#698=VERTEX_POINT('',#2036);
#699=VERTEX_POINT('',#2038);
#700=VERTEX_POINT('',#2040);
#701=VERTEX_POINT('',#2042);
#702=VERTEX_POINT('',#2044);
#703=VERTEX_POINT('',#2046);
#704=VERTEX_POINT('',#2048);
#705=VERTEX_POINT('',#2050);
#706=VERTEX_POINT('',#2052);
#707=VERTEX_POINT('',#2054);
#708=VERTEX_POINT('',#2056);
#709=VERTEX_POINT('',#2058);
#710=VERTEX_POINT('',#2060);
#711=VERTEX_POINT('',#2062);
#712=VERTEX_POINT('',#2064);
#713=VERTEX_POINT('',#2066);
#714=VERTEX_POINT('',#2068);
#715=VERTEX_POINT('',#2070);
#716=VERTEX_POINT('',#2072);
#717=VERTEX_POINT('',#2074);
#718=VERTEX_POINT('',#2076);
#719=VERTEX_POINT('',#2078);
#720=VERTEX_POINT('',#2080);
#721=VERTEX_POINT('',#2082);
#722=VERTEX_POINT('',#2084);
#723=VERTEX_POINT('',#2086);
#724=VERTEX_POINT('',#2088);
#725=VERTEX_POINT('',#2091);
#726=VERTEX_POINT('',#2092);
#727=VERTEX_POINT('',#2094);
#728=VERTEX_POINT('',#2096);
#729=VERTEX_POINT('',#2099);
#730=VERTEX_POINT('',#2100);
#731=VERTEX_POINT('',#2102);
#732=VERTEX_POINT('',#2104);
#733=VERTEX_POINT('',#2106);
#734=VERTEX_POINT('',#2108);
#735=VERTEX_POINT('',#2111);
#736=VERTEX_POINT('',#2112);
#737=VERTEX_POINT('',#2114);
#738=VERTEX_POINT('',#2116);
#739=VERTEX_POINT('',#2118);
#740=VERTEX_POINT('',#2121);
#741=VERTEX_POINT('',#2122);
#742=VERTEX_POINT('',#2124);
#743=VERTEX_POINT('',#2126);
#744=VERTEX_POINT('',#2129);
#745=VERTEX_POINT('',#2130);
#746=VERTEX_POINT('',#2132);
#747=VERTEX_POINT('',#2134);
#748=VERTEX_POINT('',#2138);
#749=VERTEX_POINT('',#2142);
#750=VERTEX_POINT('',#2144);
#751=VERTEX_POINT('',#2146);
#752=VERTEX_POINT('',#2150);
#753=VERTEX_POINT('',#2152);
#754=VERTEX_POINT('',#2154);
#755=VERTEX_POINT('',#2156);
#756=VERTEX_POINT('',#2158);
#757=VERTEX_POINT('',#2160);
#758=VERTEX_POINT('',#2162);
#759=VERTEX_POINT('',#2164);
#760=VERTEX_POINT('',#2166);
#761=VERTEX_POINT('',#2168);
#762=VERTEX_POINT('',#2170);
#763=VERTEX_POINT('',#2172);
#764=VERTEX_POINT('',#2174);
#765=VERTEX_POINT('',#2176);
#766=VERTEX_POINT('',#2178);
#767=VERTEX_POINT('',#2180);
#768=VERTEX_POINT('',#2182);
#769=VERTEX_POINT('',#2184);
#770=VERTEX_POINT('',#2186);
#771=VERTEX_POINT('',#2188);
#772=VERTEX_POINT('',#2190);
#773=VERTEX_POINT('',#2192);
#774=VERTEX_POINT('',#2194);
#775=VERTEX_POINT('',#2196);
#776=VERTEX_POINT('',#2198);
#777=VERTEX_POINT('',#2200);
#778=VERTEX_POINT('',#2202);
#779=VERTEX_POINT('',#2205);
#780=VERTEX_POINT('',#2207);
#781=VERTEX_POINT('',#2209);
#782=VERTEX_POINT('',#2211);
#783=VERTEX_POINT('',#2214);
#784=VERTEX_POINT('',#2215);
#785=VERTEX_POINT('',#2217);
#786=VERTEX_POINT('',#2219);
#787=VERTEX_POINT('',#2222);
#788=VERTEX_POINT('',#2223);
#789=VERTEX_POINT('',#2225);
#790=VERTEX_POINT('',#2227);
#791=VERTEX_POINT('',#2229);
#792=VERTEX_POINT('',#2231);
#793=VERTEX_POINT('',#2234);
#794=VERTEX_POINT('',#2235);
#795=VERTEX_POINT('',#2237);
#796=VERTEX_POINT('',#2239);
#797=VERTEX_POINT('',#2241);
#798=VERTEX_POINT('',#2244);
#799=VERTEX_POINT('',#2245);
#800=VERTEX_POINT('',#2247);
#801=VERTEX_POINT('',#2249);
#802=VERTEX_POINT('',#2252);
#803=VERTEX_POINT('',#2253);
#804=VERTEX_POINT('',#2255);
#805=VERTEX_POINT('',#2257);
#806=VERTEX_POINT('',#2263);
#807=VERTEX_POINT('',#2265);
#808=VERTEX_POINT('',#2269);
#809=VERTEX_POINT('',#2271);
#810=VERTEX_POINT('',#2278);
#811=VERTEX_POINT('',#2279);
#812=EDGE_CURVE('',#672,#672,#668,.T.);
#813=EDGE_CURVE('',#672,#673,#258,.T.);
#814=EDGE_CURVE('',#673,#673,#669,.T.);
#815=EDGE_CURVE('',#674,#674,#670,.T.);
#816=EDGE_CURVE('',#674,#675,#259,.T.);
#817=EDGE_CURVE('',#675,#675,#671,.T.);
#818=EDGE_CURVE('',#676,#677,#260,.T.);
#819=EDGE_CURVE('',#678,#676,#261,.T.);
#820=EDGE_CURVE('',#679,#678,#262,.T.);
#821=EDGE_CURVE('',#677,#679,#263,.T.);
#822=EDGE_CURVE('',#680,#681,#264,.T.);
#823=EDGE_CURVE('',#682,#681,#265,.T.);
#824=EDGE_CURVE('',#682,#683,#266,.T.);
#825=EDGE_CURVE('',#683,#680,#267,.T.);
#826=EDGE_CURVE('',#684,#685,#268,.T.);
#827=EDGE_CURVE('',#684,#686,#269,.T.);
#828=EDGE_CURVE('',#687,#686,#270,.T.);
#829=EDGE_CURVE('',#685,#687,#271,.T.);
#830=EDGE_CURVE('',#688,#689,#272,.T.);
#831=EDGE_CURVE('',#690,#688,#273,.T.);
#832=EDGE_CURVE('',#691,#690,#274,.T.);
#833=EDGE_CURVE('',#691,#689,#275,.T.);
#834=EDGE_CURVE('',#684,#678,#276,.T.);
#835=EDGE_CURVE('',#686,#676,#277,.T.);
#836=EDGE_CURVE('',#681,#689,#278,.T.);
#837=EDGE_CURVE('',#691,#682,#279,.T.);
#838=EDGE_CURVE('',#692,#680,#280,.T.);
#839=EDGE_CURVE('',#692,#693,#281,.T.);
#840=EDGE_CURVE('',#688,#693,#282,.T.);
#841=EDGE_CURVE('',#694,#693,#283,.T.);
#842=EDGE_CURVE('',#694,#695,#284,.T.);
#843=EDGE_CURVE('',#695,#696,#285,.T.);
#844=EDGE_CURVE('',#696,#685,#286,.T.);
#845=EDGE_CURVE('',#687,#697,#287,.T.);
#846=EDGE_CURVE('',#697,#698,#288,.T.);
#847=EDGE_CURVE('',#698,#699,#289,.T.);
#848=EDGE_CURVE('',#700,#699,#290,.T.);
#849=EDGE_CURVE('',#701,#700,#291,.T.);
#850=EDGE_CURVE('',#701,#702,#292,.T.);
#851=EDGE_CURVE('',#702,#703,#293,.T.);
#852=EDGE_CURVE('',#703,#704,#294,.T.);
#853=EDGE_CURVE('',#704,#705,#295,.T.);
#854=EDGE_CURVE('',#705,#706,#296,.T.);
#855=EDGE_CURVE('',#707,#706,#297,.T.);
#856=EDGE_CURVE('',#708,#707,#298,.T.);
#857=EDGE_CURVE('',#708,#709,#299,.T.);
#858=EDGE_CURVE('',#709,#710,#300,.T.);
#859=EDGE_CURVE('',#710,#711,#301,.T.);
#860=EDGE_CURVE('',#711,#712,#302,.T.);
#861=EDGE_CURVE('',#712,#713,#303,.T.);
#862=EDGE_CURVE('',#714,#713,#304,.T.);
#863=EDGE_CURVE('',#715,#714,#305,.T.);
#864=EDGE_CURVE('',#715,#716,#306,.T.);
#865=EDGE_CURVE('',#716,#717,#307,.T.);
#866=EDGE_CURVE('',#717,#718,#308,.T.);
#867=EDGE_CURVE('',#718,#719,#309,.T.);
#868=EDGE_CURVE('',#719,#720,#310,.T.);
#869=EDGE_CURVE('',#720,#721,#311,.T.);
#870=EDGE_CURVE('',#721,#722,#312,.T.);
#871=EDGE_CURVE('',#722,#723,#313,.T.);
#872=EDGE_CURVE('',#723,#724,#314,.T.);
#873=EDGE_CURVE('',#724,#690,#315,.T.);
#874=EDGE_CURVE('',#725,#726,#316,.T.);
#875=EDGE_CURVE('',#726,#727,#317,.T.);
#876=EDGE_CURVE('',#727,#728,#318,.T.);
#877=EDGE_CURVE('',#728,#725,#319,.T.);
#878=EDGE_CURVE('',#729,#730,#320,.T.);
#879=EDGE_CURVE('',#731,#730,#321,.T.);
#880=EDGE_CURVE('',#731,#732,#322,.T.);
#881=EDGE_CURVE('',#732,#733,#323,.T.);
#882=EDGE_CURVE('',#733,#734,#324,.T.);
#883=EDGE_CURVE('',#734,#729,#325,.T.);
#884=EDGE_CURVE('',#735,#736,#326,.T.);
#885=EDGE_CURVE('',#736,#737,#327,.T.);
#886=EDGE_CURVE('',#737,#738,#328,.T.);
#887=EDGE_CURVE('',#738,#739,#329,.T.);
#888=EDGE_CURVE('',#739,#735,#330,.T.);
#889=EDGE_CURVE('',#740,#741,#331,.T.);
#890=EDGE_CURVE('',#741,#742,#332,.T.);
#891=EDGE_CURVE('',#742,#743,#333,.T.);
#892=EDGE_CURVE('',#743,#740,#334,.T.);
#893=EDGE_CURVE('',#744,#745,#335,.T.);
#894=EDGE_CURVE('',#745,#746,#336,.T.);
#895=EDGE_CURVE('',#746,#747,#337,.T.);
#896=EDGE_CURVE('',#747,#744,#338,.T.);
#897=EDGE_CURVE('',#748,#677,#339,.T.);
#898=EDGE_CURVE('',#748,#697,#340,.T.);
#899=EDGE_CURVE('',#724,#749,#341,.T.);
#900=EDGE_CURVE('',#749,#750,#342,.T.);
#901=EDGE_CURVE('',#751,#750,#343,.T.);
#902=EDGE_CURVE('',#683,#751,#344,.T.);
#903=EDGE_CURVE('',#751,#752,#345,.T.);
#904=EDGE_CURVE('',#752,#753,#346,.T.);
#905=EDGE_CURVE('',#753,#754,#347,.T.);
#906=EDGE_CURVE('',#755,#754,#348,.T.);
#907=EDGE_CURVE('',#756,#755,#349,.T.);
#908=EDGE_CURVE('',#756,#757,#350,.T.);
#909=EDGE_CURVE('',#757,#758,#351,.T.);
#910=EDGE_CURVE('',#759,#758,#352,.T.);
#911=EDGE_CURVE('',#760,#759,#353,.T.);
#912=EDGE_CURVE('',#761,#760,#354,.T.);
#913=EDGE_CURVE('',#761,#762,#355,.T.);
#914=EDGE_CURVE('',#763,#762,#356,.T.);
#915=EDGE_CURVE('',#764,#763,#357,.T.);
#916=EDGE_CURVE('',#765,#764,#358,.T.);
#917=EDGE_CURVE('',#765,#766,#359,.T.);
#918=EDGE_CURVE('',#767,#766,#360,.T.);
#919=EDGE_CURVE('',#768,#767,#361,.T.);
#920=EDGE_CURVE('',#768,#769,#362,.T.);
#921=EDGE_CURVE('',#770,#769,#363,.T.);
#922=EDGE_CURVE('',#771,#770,#364,.T.);
#923=EDGE_CURVE('',#772,#771,#365,.T.);
#924=EDGE_CURVE('',#773,#772,#366,.T.);
#925=EDGE_CURVE('',#773,#774,#367,.T.);
#926=EDGE_CURVE('',#775,#774,#368,.T.);
#927=EDGE_CURVE('',#775,#776,#369,.T.);
#928=EDGE_CURVE('',#777,#776,#370,.T.);
#929=EDGE_CURVE('',#778,#777,#371,.T.);
#930=EDGE_CURVE('',#748,#778,#372,.T.);
#931=EDGE_CURVE('',#779,#679,#373,.T.);
#932=EDGE_CURVE('',#780,#779,#374,.T.);
#933=EDGE_CURVE('',#781,#780,#375,.T.);
#934=EDGE_CURVE('',#782,#781,#376,.T.);
#935=EDGE_CURVE('',#782,#692,#377,.T.);
#936=EDGE_CURVE('',#783,#784,#378,.T.);
#937=EDGE_CURVE('',#784,#785,#379,.T.);
#938=EDGE_CURVE('',#785,#786,#380,.T.);
#939=EDGE_CURVE('',#786,#783,#381,.T.);
#940=EDGE_CURVE('',#787,#788,#382,.T.);
#941=EDGE_CURVE('',#789,#787,#383,.T.);
#942=EDGE_CURVE('',#790,#789,#384,.T.);
#943=EDGE_CURVE('',#791,#790,#385,.T.);
#944=EDGE_CURVE('',#791,#792,#386,.T.);
#945=EDGE_CURVE('',#788,#792,#387,.T.);
#946=EDGE_CURVE('',#793,#794,#388,.T.);
#947=EDGE_CURVE('',#795,#793,#389,.T.);
#948=EDGE_CURVE('',#796,#795,#390,.T.);
#949=EDGE_CURVE('',#796,#797,#391,.T.);
#950=EDGE_CURVE('',#794,#797,#392,.T.);
#951=EDGE_CURVE('',#798,#799,#393,.T.);
#952=EDGE_CURVE('',#799,#800,#394,.T.);
#953=EDGE_CURVE('',#800,#801,#395,.T.);
#954=EDGE_CURVE('',#801,#798,#396,.T.);
#955=EDGE_CURVE('',#802,#803,#397,.T.);
#956=EDGE_CURVE('',#803,#804,#398,.T.);
#957=EDGE_CURVE('',#804,#805,#399,.T.);
#958=EDGE_CURVE('',#805,#802,#400,.T.);
#959=EDGE_CURVE('',#780,#696,#401,.T.);
#960=EDGE_CURVE('',#806,#757,#402,.T.);
#961=EDGE_CURVE('',#807,#806,#403,.T.);
#962=EDGE_CURVE('',#758,#807,#404,.T.);
#963=EDGE_CURVE('',#808,#806,#405,.T.);
#964=EDGE_CURVE('',#808,#809,#406,.T.);
#965=EDGE_CURVE('',#807,#809,#407,.T.);
#966=EDGE_CURVE('',#718,#808,#408,.T.);
#967=EDGE_CURVE('',#809,#717,#409,.T.);
#968=EDGE_CURVE('',#810,#811,#410,.T.);
#969=EDGE_CURVE('',#750,#810,#411,.T.);
#970=EDGE_CURVE('',#749,#811,#412,.T.);
#971=EDGE_CURVE('',#760,#716,#413,.T.);
#972=EDGE_CURVE('',#811,#723,#414,.T.);
#973=EDGE_CURVE('',#722,#753,#415,.T.);
#974=EDGE_CURVE('',#810,#752,#416,.T.);
#975=EDGE_CURVE('',#761,#715,#417,.T.);
#976=EDGE_CURVE('',#694,#782,#418,.T.);
#977=EDGE_CURVE('',#781,#695,#419,.T.);
#978=EDGE_CURVE('',#731,#791,#420,.T.);
#979=EDGE_CURVE('',#790,#732,#421,.T.);
#980=EDGE_CURVE('',#754,#721,#422,.T.);
#981=EDGE_CURVE('',#755,#720,#423,.T.);
#982=EDGE_CURVE('',#797,#737,#424,.T.);
#983=EDGE_CURVE('',#794,#736,#425,.T.);
#984=EDGE_CURVE('',#711,#765,#426,.T.);
#985=EDGE_CURVE('',#764,#712,#427,.T.);
#986=EDGE_CURVE('',#767,#709,#428,.T.);
#987=EDGE_CURVE('',#768,#708,#429,.T.);
#988=EDGE_CURVE('',#771,#705,#430,.T.);
#989=EDGE_CURVE('',#772,#704,#431,.T.);
#990=EDGE_CURVE('',#703,#773,#432,.T.);
#991=EDGE_CURVE('',#788,#729,#433,.T.);
#992=EDGE_CURVE('',#787,#734,#434,.T.);
#993=EDGE_CURVE('',#789,#733,#435,.T.);
#994=EDGE_CURVE('',#778,#698,#436,.T.);
#995=EDGE_CURVE('',#756,#719,#437,.T.);
#996=EDGE_CURVE('',#793,#735,#438,.T.);
#997=EDGE_CURVE('',#795,#739,#439,.T.);
#998=EDGE_CURVE('',#769,#707,#440,.T.);
#999=EDGE_CURVE('',#706,#770,#441,.T.);
#1000=EDGE_CURVE('',#762,#714,#442,.T.);
#1001=EDGE_CURVE('',#713,#763,#443,.T.);
#1002=EDGE_CURVE('',#776,#700,#444,.T.);
#1003=EDGE_CURVE('',#699,#777,#445,.T.);
#1004=EDGE_CURVE('',#775,#701,#446,.T.);
#1005=EDGE_CURVE('',#766,#710,#447,.T.);
#1006=EDGE_CURVE('',#774,#702,#448,.T.);
#1007=EDGE_CURVE('',#792,#730,#449,.T.);
#1008=EDGE_CURVE('',#738,#796,#450,.T.);
#1009=EDGE_CURVE('',#740,#799,#451,.T.);
#1010=EDGE_CURVE('',#743,#800,#452,.T.);
#1011=EDGE_CURVE('',#741,#798,#453,.T.);
#1012=EDGE_CURVE('',#742,#801,#454,.T.);
#1013=EDGE_CURVE('',#725,#784,#455,.T.);
#1014=EDGE_CURVE('',#728,#785,#456,.T.);
#1015=EDGE_CURVE('',#726,#783,#457,.T.);
#1016=EDGE_CURVE('',#727,#786,#458,.T.);
#1017=EDGE_CURVE('',#744,#803,#459,.T.);
#1018=EDGE_CURVE('',#747,#804,#460,.T.);
#1019=EDGE_CURVE('',#745,#802,#461,.T.);
#1020=EDGE_CURVE('',#746,#805,#462,.T.);
#1021=ORIENTED_EDGE('',*,*,#812,.F.);
#1022=ORIENTED_EDGE('',*,*,#813,.T.);
#1023=ORIENTED_EDGE('',*,*,#814,.F.);
#1024=ORIENTED_EDGE('',*,*,#813,.F.);
#1025=ORIENTED_EDGE('',*,*,#815,.F.);
#1026=ORIENTED_EDGE('',*,*,#816,.T.);
#1027=ORIENTED_EDGE('',*,*,#817,.F.);
#1028=ORIENTED_EDGE('',*,*,#816,.F.);
#1029=ORIENTED_EDGE('',*,*,#818,.F.);
#1030=ORIENTED_EDGE('',*,*,#819,.F.);
#1031=ORIENTED_EDGE('',*,*,#820,.F.);
#1032=ORIENTED_EDGE('',*,*,#821,.F.);
#1033=ORIENTED_EDGE('',*,*,#822,.T.);
#1034=ORIENTED_EDGE('',*,*,#823,.F.);
#1035=ORIENTED_EDGE('',*,*,#824,.T.);
#1036=ORIENTED_EDGE('',*,*,#825,.T.);
#1037=ORIENTED_EDGE('',*,*,#826,.F.);
#1038=ORIENTED_EDGE('',*,*,#827,.T.);
#1039=ORIENTED_EDGE('',*,*,#828,.F.);
#1040=ORIENTED_EDGE('',*,*,#829,.F.);
#1041=ORIENTED_EDGE('',*,*,#830,.F.);
#1042=ORIENTED_EDGE('',*,*,#831,.F.);
#1043=ORIENTED_EDGE('',*,*,#832,.F.);
#1044=ORIENTED_EDGE('',*,*,#833,.T.);
#1045=ORIENTED_EDGE('',*,*,#834,.T.);
#1046=ORIENTED_EDGE('',*,*,#819,.T.);
#1047=ORIENTED_EDGE('',*,*,#835,.F.);
#1048=ORIENTED_EDGE('',*,*,#827,.F.);
#1049=ORIENTED_EDGE('',*,*,#836,.T.);
#1050=ORIENTED_EDGE('',*,*,#833,.F.);
#1051=ORIENTED_EDGE('',*,*,#837,.T.);
#1052=ORIENTED_EDGE('',*,*,#823,.T.);
#1053=ORIENTED_EDGE('',*,*,#815,.T.);
#1054=ORIENTED_EDGE('',*,*,#830,.T.);
#1055=ORIENTED_EDGE('',*,*,#836,.F.);
#1056=ORIENTED_EDGE('',*,*,#822,.F.);
#1057=ORIENTED_EDGE('',*,*,#838,.F.);
#1058=ORIENTED_EDGE('',*,*,#839,.T.);
#1059=ORIENTED_EDGE('',*,*,#840,.F.);
#1060=ORIENTED_EDGE('',*,*,#831,.T.);
#1061=ORIENTED_EDGE('',*,*,#840,.T.);
#1062=ORIENTED_EDGE('',*,*,#841,.F.);
#1063=ORIENTED_EDGE('',*,*,#842,.T.);
#1064=ORIENTED_EDGE('',*,*,#843,.T.);
#1065=ORIENTED_EDGE('',*,*,#844,.T.);
#1066=ORIENTED_EDGE('',*,*,#829,.T.);
#1067=ORIENTED_EDGE('',*,*,#845,.T.);
#1068=ORIENTED_EDGE('',*,*,#846,.T.);
#1069=ORIENTED_EDGE('',*,*,#847,.T.);
#1070=ORIENTED_EDGE('',*,*,#848,.F.);
#1071=ORIENTED_EDGE('',*,*,#849,.F.);
#1072=ORIENTED_EDGE('',*,*,#850,.T.);
#1073=ORIENTED_EDGE('',*,*,#851,.T.);
#1074=ORIENTED_EDGE('',*,*,#852,.T.);
#1075=ORIENTED_EDGE('',*,*,#853,.T.);
#1076=ORIENTED_EDGE('',*,*,#854,.T.);
#1077=ORIENTED_EDGE('',*,*,#855,.F.);
#1078=ORIENTED_EDGE('',*,*,#856,.F.);
#1079=ORIENTED_EDGE('',*,*,#857,.T.);
#1080=ORIENTED_EDGE('',*,*,#858,.T.);
#1081=ORIENTED_EDGE('',*,*,#859,.T.);
#1082=ORIENTED_EDGE('',*,*,#860,.T.);
#1083=ORIENTED_EDGE('',*,*,#861,.T.);
#1084=ORIENTED_EDGE('',*,*,#862,.F.);
#1085=ORIENTED_EDGE('',*,*,#863,.F.);
#1086=ORIENTED_EDGE('',*,*,#864,.T.);
#1087=ORIENTED_EDGE('',*,*,#865,.T.);
#1088=ORIENTED_EDGE('',*,*,#866,.T.);
#1089=ORIENTED_EDGE('',*,*,#867,.T.);
#1090=ORIENTED_EDGE('',*,*,#868,.T.);
#1091=ORIENTED_EDGE('',*,*,#869,.T.);
#1092=ORIENTED_EDGE('',*,*,#870,.T.);
#1093=ORIENTED_EDGE('',*,*,#871,.T.);
#1094=ORIENTED_EDGE('',*,*,#872,.T.);
#1095=ORIENTED_EDGE('',*,*,#873,.T.);
#1096=ORIENTED_EDGE('',*,*,#874,.T.);
#1097=ORIENTED_EDGE('',*,*,#875,.T.);
#1098=ORIENTED_EDGE('',*,*,#876,.T.);
#1099=ORIENTED_EDGE('',*,*,#877,.T.);
#1100=ORIENTED_EDGE('',*,*,#878,.T.);
#1101=ORIENTED_EDGE('',*,*,#879,.F.);
#1102=ORIENTED_EDGE('',*,*,#880,.T.);
#1103=ORIENTED_EDGE('',*,*,#881,.T.);
#1104=ORIENTED_EDGE('',*,*,#882,.T.);
#1105=ORIENTED_EDGE('',*,*,#883,.T.);
#1106=ORIENTED_EDGE('',*,*,#884,.T.);
#1107=ORIENTED_EDGE('',*,*,#885,.T.);
#1108=ORIENTED_EDGE('',*,*,#886,.T.);
#1109=ORIENTED_EDGE('',*,*,#887,.T.);
#1110=ORIENTED_EDGE('',*,*,#888,.T.);
#1111=ORIENTED_EDGE('',*,*,#889,.T.);
#1112=ORIENTED_EDGE('',*,*,#890,.T.);
#1113=ORIENTED_EDGE('',*,*,#891,.T.);
#1114=ORIENTED_EDGE('',*,*,#892,.T.);
#1115=ORIENTED_EDGE('',*,*,#893,.T.);
#1116=ORIENTED_EDGE('',*,*,#894,.T.);
#1117=ORIENTED_EDGE('',*,*,#895,.T.);
#1118=ORIENTED_EDGE('',*,*,#896,.T.);
#1119=ORIENTED_EDGE('',*,*,#828,.T.);
#1120=ORIENTED_EDGE('',*,*,#835,.T.);
#1121=ORIENTED_EDGE('',*,*,#818,.T.);
#1122=ORIENTED_EDGE('',*,*,#897,.F.);
#1123=ORIENTED_EDGE('',*,*,#898,.T.);
#1124=ORIENTED_EDGE('',*,*,#845,.F.);
#1125=ORIENTED_EDGE('',*,*,#832,.T.);
#1126=ORIENTED_EDGE('',*,*,#873,.F.);
#1127=ORIENTED_EDGE('',*,*,#899,.T.);
#1128=ORIENTED_EDGE('',*,*,#900,.T.);
#1129=ORIENTED_EDGE('',*,*,#901,.F.);
#1130=ORIENTED_EDGE('',*,*,#902,.F.);
#1131=ORIENTED_EDGE('',*,*,#824,.F.);
#1132=ORIENTED_EDGE('',*,*,#837,.F.);
#1133=ORIENTED_EDGE('',*,*,#902,.T.);
#1134=ORIENTED_EDGE('',*,*,#903,.T.);
#1135=ORIENTED_EDGE('',*,*,#904,.T.);
#1136=ORIENTED_EDGE('',*,*,#905,.T.);
#1137=ORIENTED_EDGE('',*,*,#906,.F.);
#1138=ORIENTED_EDGE('',*,*,#907,.F.);
#1139=ORIENTED_EDGE('',*,*,#908,.T.);
#1140=ORIENTED_EDGE('',*,*,#909,.T.);
#1141=ORIENTED_EDGE('',*,*,#910,.F.);
#1142=ORIENTED_EDGE('',*,*,#911,.F.);
#1143=ORIENTED_EDGE('',*,*,#912,.F.);
#1144=ORIENTED_EDGE('',*,*,#913,.T.);
#1145=ORIENTED_EDGE('',*,*,#914,.F.);
#1146=ORIENTED_EDGE('',*,*,#915,.F.);
#1147=ORIENTED_EDGE('',*,*,#916,.F.);
#1148=ORIENTED_EDGE('',*,*,#917,.T.);
#1149=ORIENTED_EDGE('',*,*,#918,.F.);
#1150=ORIENTED_EDGE('',*,*,#919,.F.);
#1151=ORIENTED_EDGE('',*,*,#920,.T.);
#1152=ORIENTED_EDGE('',*,*,#921,.F.);
#1153=ORIENTED_EDGE('',*,*,#922,.F.);
#1154=ORIENTED_EDGE('',*,*,#923,.F.);
#1155=ORIENTED_EDGE('',*,*,#924,.F.);
#1156=ORIENTED_EDGE('',*,*,#925,.T.);
#1157=ORIENTED_EDGE('',*,*,#926,.F.);
#1158=ORIENTED_EDGE('',*,*,#927,.T.);
#1159=ORIENTED_EDGE('',*,*,#928,.F.);
#1160=ORIENTED_EDGE('',*,*,#929,.F.);
#1161=ORIENTED_EDGE('',*,*,#930,.F.);
#1162=ORIENTED_EDGE('',*,*,#897,.T.);
#1163=ORIENTED_EDGE('',*,*,#821,.T.);
#1164=ORIENTED_EDGE('',*,*,#931,.F.);
#1165=ORIENTED_EDGE('',*,*,#932,.F.);
#1166=ORIENTED_EDGE('',*,*,#933,.F.);
#1167=ORIENTED_EDGE('',*,*,#934,.F.);
#1168=ORIENTED_EDGE('',*,*,#935,.T.);
#1169=ORIENTED_EDGE('',*,*,#838,.T.);
#1170=ORIENTED_EDGE('',*,*,#825,.F.);
#1171=ORIENTED_EDGE('',*,*,#936,.T.);
#1172=ORIENTED_EDGE('',*,*,#937,.T.);
#1173=ORIENTED_EDGE('',*,*,#938,.T.);
#1174=ORIENTED_EDGE('',*,*,#939,.T.);
#1175=ORIENTED_EDGE('',*,*,#940,.F.);
#1176=ORIENTED_EDGE('',*,*,#941,.F.);
#1177=ORIENTED_EDGE('',*,*,#942,.F.);
#1178=ORIENTED_EDGE('',*,*,#943,.F.);
#1179=ORIENTED_EDGE('',*,*,#944,.T.);
#1180=ORIENTED_EDGE('',*,*,#945,.F.);
#1181=ORIENTED_EDGE('',*,*,#946,.F.);
#1182=ORIENTED_EDGE('',*,*,#947,.F.);
#1183=ORIENTED_EDGE('',*,*,#948,.F.);
#1184=ORIENTED_EDGE('',*,*,#949,.T.);
#1185=ORIENTED_EDGE('',*,*,#950,.F.);
#1186=ORIENTED_EDGE('',*,*,#951,.T.);
#1187=ORIENTED_EDGE('',*,*,#952,.T.);
#1188=ORIENTED_EDGE('',*,*,#953,.T.);
#1189=ORIENTED_EDGE('',*,*,#954,.T.);
#1190=ORIENTED_EDGE('',*,*,#955,.T.);
#1191=ORIENTED_EDGE('',*,*,#956,.T.);
#1192=ORIENTED_EDGE('',*,*,#957,.T.);
#1193=ORIENTED_EDGE('',*,*,#958,.T.);
#1194=ORIENTED_EDGE('',*,*,#817,.T.);
#1195=ORIENTED_EDGE('',*,*,#814,.T.);
#1196=ORIENTED_EDGE('',*,*,#826,.T.);
#1197=ORIENTED_EDGE('',*,*,#844,.F.);
#1198=ORIENTED_EDGE('',*,*,#959,.F.);
#1199=ORIENTED_EDGE('',*,*,#932,.T.);
#1200=ORIENTED_EDGE('',*,*,#931,.T.);
#1201=ORIENTED_EDGE('',*,*,#820,.T.);
#1202=ORIENTED_EDGE('',*,*,#834,.F.);
#1203=ORIENTED_EDGE('',*,*,#960,.F.);
#1204=ORIENTED_EDGE('',*,*,#961,.F.);
#1205=ORIENTED_EDGE('',*,*,#962,.F.);
#1206=ORIENTED_EDGE('',*,*,#909,.F.);
#1207=ORIENTED_EDGE('',*,*,#963,.F.);
#1208=ORIENTED_EDGE('',*,*,#964,.T.);
#1209=ORIENTED_EDGE('',*,*,#965,.F.);
#1210=ORIENTED_EDGE('',*,*,#961,.T.);
#1211=ORIENTED_EDGE('',*,*,#966,.F.);
#1212=ORIENTED_EDGE('',*,*,#866,.F.);
#1213=ORIENTED_EDGE('',*,*,#967,.F.);
#1214=ORIENTED_EDGE('',*,*,#964,.F.);
#1215=ORIENTED_EDGE('',*,*,#968,.F.);
#1216=ORIENTED_EDGE('',*,*,#969,.F.);
#1217=ORIENTED_EDGE('',*,*,#900,.F.);
#1218=ORIENTED_EDGE('',*,*,#970,.T.);
#1219=ORIENTED_EDGE('',*,*,#812,.T.);
#1220=ORIENTED_EDGE('',*,*,#965,.T.);
#1221=ORIENTED_EDGE('',*,*,#967,.T.);
#1222=ORIENTED_EDGE('',*,*,#865,.F.);
#1223=ORIENTED_EDGE('',*,*,#971,.F.);
#1224=ORIENTED_EDGE('',*,*,#911,.T.);
#1225=ORIENTED_EDGE('',*,*,#910,.T.);
#1226=ORIENTED_EDGE('',*,*,#962,.T.);
#1227=ORIENTED_EDGE('',*,*,#972,.F.);
#1228=ORIENTED_EDGE('',*,*,#970,.F.);
#1229=ORIENTED_EDGE('',*,*,#899,.F.);
#1230=ORIENTED_EDGE('',*,*,#872,.F.);
#1231=ORIENTED_EDGE('',*,*,#968,.T.);
#1232=ORIENTED_EDGE('',*,*,#972,.T.);
#1233=ORIENTED_EDGE('',*,*,#871,.F.);
#1234=ORIENTED_EDGE('',*,*,#973,.T.);
#1235=ORIENTED_EDGE('',*,*,#904,.F.);
#1236=ORIENTED_EDGE('',*,*,#974,.F.);
#1237=ORIENTED_EDGE('',*,*,#974,.T.);
#1238=ORIENTED_EDGE('',*,*,#903,.F.);
#1239=ORIENTED_EDGE('',*,*,#901,.T.);
#1240=ORIENTED_EDGE('',*,*,#969,.T.);
#1241=ORIENTED_EDGE('',*,*,#912,.T.);
#1242=ORIENTED_EDGE('',*,*,#971,.T.);
#1243=ORIENTED_EDGE('',*,*,#864,.F.);
#1244=ORIENTED_EDGE('',*,*,#975,.F.);
#1245=ORIENTED_EDGE('',*,*,#976,.T.);
#1246=ORIENTED_EDGE('',*,*,#934,.T.);
#1247=ORIENTED_EDGE('',*,*,#977,.T.);
#1248=ORIENTED_EDGE('',*,*,#842,.F.);
#1249=ORIENTED_EDGE('',*,*,#978,.T.);
#1250=ORIENTED_EDGE('',*,*,#943,.T.);
#1251=ORIENTED_EDGE('',*,*,#979,.T.);
#1252=ORIENTED_EDGE('',*,*,#880,.F.);
#1253=ORIENTED_EDGE('',*,*,#980,.T.);
#1254=ORIENTED_EDGE('',*,*,#869,.F.);
#1255=ORIENTED_EDGE('',*,*,#981,.F.);
#1256=ORIENTED_EDGE('',*,*,#906,.T.);
#1257=ORIENTED_EDGE('',*,*,#982,.T.);
#1258=ORIENTED_EDGE('',*,*,#885,.F.);
#1259=ORIENTED_EDGE('',*,*,#983,.F.);
#1260=ORIENTED_EDGE('',*,*,#950,.T.);
#1261=ORIENTED_EDGE('',*,*,#984,.T.);
#1262=ORIENTED_EDGE('',*,*,#916,.T.);
#1263=ORIENTED_EDGE('',*,*,#985,.T.);
#1264=ORIENTED_EDGE('',*,*,#860,.F.);
#1265=ORIENTED_EDGE('',*,*,#919,.T.);
#1266=ORIENTED_EDGE('',*,*,#986,.T.);
#1267=ORIENTED_EDGE('',*,*,#857,.F.);
#1268=ORIENTED_EDGE('',*,*,#987,.F.);
#1269=ORIENTED_EDGE('',*,*,#923,.T.);
#1270=ORIENTED_EDGE('',*,*,#988,.T.);
#1271=ORIENTED_EDGE('',*,*,#853,.F.);
#1272=ORIENTED_EDGE('',*,*,#989,.F.);
#1273=ORIENTED_EDGE('',*,*,#990,.T.);
#1274=ORIENTED_EDGE('',*,*,#924,.T.);
#1275=ORIENTED_EDGE('',*,*,#989,.T.);
#1276=ORIENTED_EDGE('',*,*,#852,.F.);
#1277=ORIENTED_EDGE('',*,*,#940,.T.);
#1278=ORIENTED_EDGE('',*,*,#991,.T.);
#1279=ORIENTED_EDGE('',*,*,#883,.F.);
#1280=ORIENTED_EDGE('',*,*,#992,.F.);
#1281=ORIENTED_EDGE('',*,*,#941,.T.);
#1282=ORIENTED_EDGE('',*,*,#992,.T.);
#1283=ORIENTED_EDGE('',*,*,#882,.F.);
#1284=ORIENTED_EDGE('',*,*,#993,.F.);
#1285=ORIENTED_EDGE('',*,*,#942,.T.);
#1286=ORIENTED_EDGE('',*,*,#993,.T.);
#1287=ORIENTED_EDGE('',*,*,#881,.F.);
#1288=ORIENTED_EDGE('',*,*,#979,.F.);
#1289=ORIENTED_EDGE('',*,*,#930,.T.);
#1290=ORIENTED_EDGE('',*,*,#994,.T.);
#1291=ORIENTED_EDGE('',*,*,#846,.F.);
#1292=ORIENTED_EDGE('',*,*,#898,.F.);
#1293=ORIENTED_EDGE('',*,*,#933,.T.);
#1294=ORIENTED_EDGE('',*,*,#959,.T.);
#1295=ORIENTED_EDGE('',*,*,#843,.F.);
#1296=ORIENTED_EDGE('',*,*,#977,.F.);
#1297=ORIENTED_EDGE('',*,*,#907,.T.);
#1298=ORIENTED_EDGE('',*,*,#981,.T.);
#1299=ORIENTED_EDGE('',*,*,#868,.F.);
#1300=ORIENTED_EDGE('',*,*,#995,.F.);
#1301=ORIENTED_EDGE('',*,*,#946,.T.);
#1302=ORIENTED_EDGE('',*,*,#983,.T.);
#1303=ORIENTED_EDGE('',*,*,#884,.F.);
#1304=ORIENTED_EDGE('',*,*,#996,.F.);
#1305=ORIENTED_EDGE('',*,*,#947,.T.);
#1306=ORIENTED_EDGE('',*,*,#996,.T.);
#1307=ORIENTED_EDGE('',*,*,#888,.F.);
#1308=ORIENTED_EDGE('',*,*,#997,.F.);
#1309=ORIENTED_EDGE('',*,*,#921,.T.);
#1310=ORIENTED_EDGE('',*,*,#998,.T.);
#1311=ORIENTED_EDGE('',*,*,#855,.T.);
#1312=ORIENTED_EDGE('',*,*,#999,.T.);
#1313=ORIENTED_EDGE('',*,*,#987,.T.);
#1314=ORIENTED_EDGE('',*,*,#856,.T.);
#1315=ORIENTED_EDGE('',*,*,#998,.F.);
#1316=ORIENTED_EDGE('',*,*,#920,.F.);
#1317=ORIENTED_EDGE('',*,*,#988,.F.);
#1318=ORIENTED_EDGE('',*,*,#922,.T.);
#1319=ORIENTED_EDGE('',*,*,#999,.F.);
#1320=ORIENTED_EDGE('',*,*,#854,.F.);
#1321=ORIENTED_EDGE('',*,*,#914,.T.);
#1322=ORIENTED_EDGE('',*,*,#1000,.T.);
#1323=ORIENTED_EDGE('',*,*,#862,.T.);
#1324=ORIENTED_EDGE('',*,*,#1001,.T.);
#1325=ORIENTED_EDGE('',*,*,#975,.T.);
#1326=ORIENTED_EDGE('',*,*,#863,.T.);
#1327=ORIENTED_EDGE('',*,*,#1000,.F.);
#1328=ORIENTED_EDGE('',*,*,#913,.F.);
#1329=ORIENTED_EDGE('',*,*,#985,.F.);
#1330=ORIENTED_EDGE('',*,*,#915,.T.);
#1331=ORIENTED_EDGE('',*,*,#1001,.F.);
#1332=ORIENTED_EDGE('',*,*,#861,.F.);
#1333=ORIENTED_EDGE('',*,*,#928,.T.);
#1334=ORIENTED_EDGE('',*,*,#1002,.T.);
#1335=ORIENTED_EDGE('',*,*,#848,.T.);
#1336=ORIENTED_EDGE('',*,*,#1003,.T.);
#1337=ORIENTED_EDGE('',*,*,#1004,.T.);
#1338=ORIENTED_EDGE('',*,*,#849,.T.);
#1339=ORIENTED_EDGE('',*,*,#1002,.F.);
#1340=ORIENTED_EDGE('',*,*,#927,.F.);
#1341=ORIENTED_EDGE('',*,*,#994,.F.);
#1342=ORIENTED_EDGE('',*,*,#929,.T.);
#1343=ORIENTED_EDGE('',*,*,#1003,.F.);
#1344=ORIENTED_EDGE('',*,*,#847,.F.);
#1345=ORIENTED_EDGE('',*,*,#1005,.T.);
#1346=ORIENTED_EDGE('',*,*,#858,.F.);
#1347=ORIENTED_EDGE('',*,*,#986,.F.);
#1348=ORIENTED_EDGE('',*,*,#918,.T.);
#1349=ORIENTED_EDGE('',*,*,#859,.F.);
#1350=ORIENTED_EDGE('',*,*,#1005,.F.);
#1351=ORIENTED_EDGE('',*,*,#917,.F.);
#1352=ORIENTED_EDGE('',*,*,#984,.F.);
#1353=ORIENTED_EDGE('',*,*,#1006,.T.);
#1354=ORIENTED_EDGE('',*,*,#850,.F.);
#1355=ORIENTED_EDGE('',*,*,#1004,.F.);
#1356=ORIENTED_EDGE('',*,*,#926,.T.);
#1357=ORIENTED_EDGE('',*,*,#851,.F.);
#1358=ORIENTED_EDGE('',*,*,#1006,.F.);
#1359=ORIENTED_EDGE('',*,*,#925,.F.);
#1360=ORIENTED_EDGE('',*,*,#990,.F.);
#1361=ORIENTED_EDGE('',*,*,#1007,.T.);
#1362=ORIENTED_EDGE('',*,*,#878,.F.);
#1363=ORIENTED_EDGE('',*,*,#991,.F.);
#1364=ORIENTED_EDGE('',*,*,#945,.T.);
#1365=ORIENTED_EDGE('',*,*,#879,.T.);
#1366=ORIENTED_EDGE('',*,*,#1007,.F.);
#1367=ORIENTED_EDGE('',*,*,#944,.F.);
#1368=ORIENTED_EDGE('',*,*,#978,.F.);
#1369=ORIENTED_EDGE('',*,*,#841,.T.);
#1370=ORIENTED_EDGE('',*,*,#839,.F.);
#1371=ORIENTED_EDGE('',*,*,#935,.F.);
#1372=ORIENTED_EDGE('',*,*,#976,.F.);
#1373=ORIENTED_EDGE('',*,*,#870,.F.);
#1374=ORIENTED_EDGE('',*,*,#980,.F.);
#1375=ORIENTED_EDGE('',*,*,#905,.F.);
#1376=ORIENTED_EDGE('',*,*,#973,.F.);
#1377=ORIENTED_EDGE('',*,*,#1008,.T.);
#1378=ORIENTED_EDGE('',*,*,#948,.T.);
#1379=ORIENTED_EDGE('',*,*,#997,.T.);
#1380=ORIENTED_EDGE('',*,*,#887,.F.);
#1381=ORIENTED_EDGE('',*,*,#886,.F.);
#1382=ORIENTED_EDGE('',*,*,#982,.F.);
#1383=ORIENTED_EDGE('',*,*,#949,.F.);
#1384=ORIENTED_EDGE('',*,*,#1008,.F.);
#1385=ORIENTED_EDGE('',*,*,#952,.F.);
#1386=ORIENTED_EDGE('',*,*,#1009,.F.);
#1387=ORIENTED_EDGE('',*,*,#892,.F.);
#1388=ORIENTED_EDGE('',*,*,#1010,.T.);
#1389=ORIENTED_EDGE('',*,*,#951,.F.);
#1390=ORIENTED_EDGE('',*,*,#1011,.F.);
#1391=ORIENTED_EDGE('',*,*,#889,.F.);
#1392=ORIENTED_EDGE('',*,*,#1009,.T.);
#1393=ORIENTED_EDGE('',*,*,#954,.F.);
#1394=ORIENTED_EDGE('',*,*,#1012,.F.);
#1395=ORIENTED_EDGE('',*,*,#890,.F.);
#1396=ORIENTED_EDGE('',*,*,#1011,.T.);
#1397=ORIENTED_EDGE('',*,*,#953,.F.);
#1398=ORIENTED_EDGE('',*,*,#1010,.F.);
#1399=ORIENTED_EDGE('',*,*,#891,.F.);
#1400=ORIENTED_EDGE('',*,*,#1012,.T.);
#1401=ORIENTED_EDGE('',*,*,#937,.F.);
#1402=ORIENTED_EDGE('',*,*,#1013,.F.);
#1403=ORIENTED_EDGE('',*,*,#877,.F.);
#1404=ORIENTED_EDGE('',*,*,#1014,.T.);
#1405=ORIENTED_EDGE('',*,*,#936,.F.);
#1406=ORIENTED_EDGE('',*,*,#1015,.F.);
#1407=ORIENTED_EDGE('',*,*,#874,.F.);
#1408=ORIENTED_EDGE('',*,*,#1013,.T.);
#1409=ORIENTED_EDGE('',*,*,#939,.F.);
#1410=ORIENTED_EDGE('',*,*,#1016,.F.);
#1411=ORIENTED_EDGE('',*,*,#875,.F.);
#1412=ORIENTED_EDGE('',*,*,#1015,.T.);
#1413=ORIENTED_EDGE('',*,*,#938,.F.);
#1414=ORIENTED_EDGE('',*,*,#1014,.F.);
#1415=ORIENTED_EDGE('',*,*,#876,.F.);
#1416=ORIENTED_EDGE('',*,*,#1016,.T.);
#1417=ORIENTED_EDGE('',*,*,#956,.F.);
#1418=ORIENTED_EDGE('',*,*,#1017,.F.);
#1419=ORIENTED_EDGE('',*,*,#896,.F.);
#1420=ORIENTED_EDGE('',*,*,#1018,.T.);
#1421=ORIENTED_EDGE('',*,*,#955,.F.);
#1422=ORIENTED_EDGE('',*,*,#1019,.F.);
#1423=ORIENTED_EDGE('',*,*,#893,.F.);
#1424=ORIENTED_EDGE('',*,*,#1017,.T.);
#1425=ORIENTED_EDGE('',*,*,#958,.F.);
#1426=ORIENTED_EDGE('',*,*,#1020,.F.);
#1427=ORIENTED_EDGE('',*,*,#894,.F.);
#1428=ORIENTED_EDGE('',*,*,#1019,.T.);
#1429=ORIENTED_EDGE('',*,*,#957,.F.);
#1430=ORIENTED_EDGE('',*,*,#1018,.F.);
#1431=ORIENTED_EDGE('',*,*,#895,.F.);
#1432=ORIENTED_EDGE('',*,*,#1020,.T.);
#1433=ORIENTED_EDGE('',*,*,#963,.T.);
#1434=ORIENTED_EDGE('',*,*,#960,.T.);
#1435=ORIENTED_EDGE('',*,*,#908,.F.);
#1436=ORIENTED_EDGE('',*,*,#995,.T.);
#1437=ORIENTED_EDGE('',*,*,#867,.F.);
#1438=ORIENTED_EDGE('',*,*,#966,.T.);
#1439=CYLINDRICAL_SURFACE('',#1527,1.5);
#1440=CYLINDRICAL_SURFACE('',#1530,1.5);
#1441=ADVANCED_FACE('',(#102),#1439,.F.);
#1442=ADVANCED_FACE('',(#103),#1440,.F.);
#1443=ADVANCED_FACE('',(#104),#33,.F.);
#1444=ADVANCED_FACE('',(#105),#34,.T.);
#1445=ADVANCED_FACE('',(#106),#35,.F.);
#1446=ADVANCED_FACE('',(#107),#36,.F.);
#1447=ADVANCED_FACE('',(#108),#37,.F.);
#1448=ADVANCED_FACE('',(#109,#19),#38,.F.);
#1449=ADVANCED_FACE('',(#110),#39,.T.);
#1450=ADVANCED_FACE('',(#111,#20,#21,#22,#23,#24),#40,.T.);
#1451=ADVANCED_FACE('',(#112),#41,.T.);
#1452=ADVANCED_FACE('',(#113),#42,.T.);
#1453=ADVANCED_FACE('',(#114,#25,#26,#27,#28,#29,#30,#31),#43,.F.);
#1454=ADVANCED_FACE('',(#115),#44,.T.);
#1455=ADVANCED_FACE('',(#116),#45,.T.);
#1456=ADVANCED_FACE('',(#117),#46,.F.);
#1457=ADVANCED_FACE('',(#118),#47,.F.);
#1458=ADVANCED_FACE('',(#119,#32),#48,.T.);
#1459=ADVANCED_FACE('',(#120),#49,.T.);
#1460=ADVANCED_FACE('',(#121),#50,.F.);
#1461=ADVANCED_FACE('',(#122),#51,.T.);
#1462=ADVANCED_FACE('',(#123),#52,.T.);
#1463=ADVANCED_FACE('',(#124),#53,.T.);
#1464=ADVANCED_FACE('',(#125),#54,.T.);
#1465=ADVANCED_FACE('',(#126),#55,.T.);
#1466=ADVANCED_FACE('',(#127),#56,.T.);
#1467=ADVANCED_FACE('',(#128),#57,.T.);
#1468=ADVANCED_FACE('',(#129),#58,.T.);
#1469=ADVANCED_FACE('',(#130),#59,.T.);
#1470=ADVANCED_FACE('',(#131),#60,.T.);
#1471=ADVANCED_FACE('',(#132),#61,.T.);
#1472=ADVANCED_FACE('',(#133),#62,.T.);
#1473=ADVANCED_FACE('',(#134),#63,.T.);
#1474=ADVANCED_FACE('',(#135),#64,.T.);
#1475=ADVANCED_FACE('',(#136),#65,.T.);
#1476=ADVANCED_FACE('',(#137),#66,.T.);
#1477=ADVANCED_FACE('',(#138),#67,.T.);
#1478=ADVANCED_FACE('',(#139),#68,.T.);
#1479=ADVANCED_FACE('',(#140),#69,.T.);
#1480=ADVANCED_FACE('',(#141),#70,.T.);
#1481=ADVANCED_FACE('',(#142),#71,.T.);
#1482=ADVANCED_FACE('',(#143),#72,.T.);
#1483=ADVANCED_FACE('',(#144),#73,.T.);
#1484=ADVANCED_FACE('',(#145),#74,.T.);
#1485=ADVANCED_FACE('',(#146),#75,.T.);
#1486=ADVANCED_FACE('',(#147),#76,.T.);
#1487=ADVANCED_FACE('',(#148),#77,.T.);
#1488=ADVANCED_FACE('',(#149),#78,.T.);
#1489=ADVANCED_FACE('',(#150),#79,.T.);
#1490=ADVANCED_FACE('',(#151),#80,.T.);
#1491=ADVANCED_FACE('',(#152),#81,.T.);
#1492=ADVANCED_FACE('',(#153),#82,.T.);
#1493=ADVANCED_FACE('',(#154),#83,.T.);
#1494=ADVANCED_FACE('',(#155),#84,.T.);
#1495=ADVANCED_FACE('',(#156),#85,.T.);
#1496=ADVANCED_FACE('',(#157),#86,.T.);
#1497=ADVANCED_FACE('',(#158),#87,.T.);
#1498=ADVANCED_FACE('',(#159),#88,.T.);
#1499=ADVANCED_FACE('',(#160),#89,.F.);
#1500=ADVANCED_FACE('',(#161),#90,.F.);
#1501=ADVANCED_FACE('',(#162),#91,.F.);
#1502=ADVANCED_FACE('',(#163),#92,.F.);
#1503=ADVANCED_FACE('',(#164),#93,.F.);
#1504=ADVANCED_FACE('',(#165),#94,.F.);
#1505=ADVANCED_FACE('',(#166),#95,.F.);
#1506=ADVANCED_FACE('',(#167),#96,.F.);
#1507=ADVANCED_FACE('',(#168),#97,.F.);
#1508=ADVANCED_FACE('',(#169),#98,.F.);
#1509=ADVANCED_FACE('',(#170),#99,.F.);
#1510=ADVANCED_FACE('',(#171),#100,.F.);
#1511=ADVANCED_FACE('',(#172),#101,.T.);
#1512=CLOSED_SHELL('',(#1441,#1442,#1443,#1444,#1445,#1446,#1447,#1448,
#1449,#1450,#1451,#1452,#1453,#1454,#1455,#1456,#1457,#1458,#1459,#1460,
#1461,#1462,#1463,#1464,#1465,#1466,#1467,#1468,#1469,#1470,#1471,#1472,
#1473,#1474,#1475,#1476,#1477,#1478,#1479,#1480,#1481,#1482,#1483,#1484,
#1485,#1486,#1487,#1488,#1489,#1490,#1491,#1492,#1493,#1494,#1495,#1496,
#1497,#1498,#1499,#1500,#1501,#1502,#1503,#1504,#1505,#1506,#1507,#1508,
#1509,#1510,#1511));
#1513=DERIVED_UNIT_ELEMENT(#1515,1.);
#1514=DERIVED_UNIT_ELEMENT(#2394,-3.);
#1515=(
MASS_UNIT()
NAMED_UNIT(*)
SI_UNIT(.KILO.,.GRAM.)
);
#1516=DERIVED_UNIT((#1513,#1514));
#1517=MEASURE_REPRESENTATION_ITEM('density measure',
POSITIVE_RATIO_MEASURE(7850.),#1516);
#1518=PROPERTY_DEFINITION_REPRESENTATION(#1523,#1520);
#1519=PROPERTY_DEFINITION_REPRESENTATION(#1524,#1521);
#1520=REPRESENTATION('material name',(#1522),#2391);
#1521=REPRESENTATION('density',(#1517),#2391);
#1522=DESCRIPTIVE_REPRESENTATION_ITEM('Steel','Steel');
#1523=PROPERTY_DEFINITION('material property','material name',#2406);
#1524=PROPERTY_DEFINITION('material property','density of part',#2406);
#1525=AXIS2_PLACEMENT_3D('',#1964,#1603,#1604);
#1526=AXIS2_PLACEMENT_3D('',#1965,#1605,#1606);
#1527=AXIS2_PLACEMENT_3D('',#1966,#1607,#1608);
#1528=AXIS2_PLACEMENT_3D('',#1968,#1609,#1610);
#1529=AXIS2_PLACEMENT_3D('',#1971,#1612,#1613);
#1530=AXIS2_PLACEMENT_3D('',#1972,#1614,#1615);
#1531=AXIS2_PLACEMENT_3D('',#1974,#1616,#1617);
#1532=AXIS2_PLACEMENT_3D('',#1977,#1619,#1620);
#1533=AXIS2_PLACEMENT_3D('',#1978,#1621,#1622);
#1534=AXIS2_PLACEMENT_3D('',#1987,#1627,#1628);
#1535=AXIS2_PLACEMENT_3D('',#1996,#1633,#1634);
#1536=AXIS2_PLACEMENT_3D('',#2005,#1639,#1640);
#1537=AXIS2_PLACEMENT_3D('',#2014,#1645,#1646);
#1538=AXIS2_PLACEMENT_3D('',#2017,#1649,#1650);
#1539=AXIS2_PLACEMENT_3D('',#2020,#1653,#1654);
#1540=AXIS2_PLACEMENT_3D('',#2026,#1658,#1659);
#1541=AXIS2_PLACEMENT_3D('',#2137,#1716,#1717);
#1542=AXIS2_PLACEMENT_3D('',#2141,#1720,#1721);
#1543=AXIS2_PLACEMENT_3D('',#2149,#1726,#1727);
#1544=AXIS2_PLACEMENT_3D('',#2260,#1784,#1785);
#1545=AXIS2_PLACEMENT_3D('',#2262,#1787,#1788);
#1546=AXIS2_PLACEMENT_3D('',#2268,#1792,#1793);
#1547=AXIS2_PLACEMENT_3D('',#2274,#1797,#1798);
#1548=AXIS2_PLACEMENT_3D('',#2277,#1801,#1802);
#1549=AXIS2_PLACEMENT_3D('',#2283,#1806,#1807);
#1550=AXIS2_PLACEMENT_3D('',#2285,#1809,#1810);
#1551=AXIS2_PLACEMENT_3D('',#2287,#1812,#1813);
#1552=AXIS2_PLACEMENT_3D('',#2290,#1816,#1817);
#1553=AXIS2_PLACEMENT_3D('',#2291,#1818,#1819);
#1554=AXIS2_PLACEMENT_3D('',#2293,#1821,#1822);
#1555=AXIS2_PLACEMENT_3D('',#2296,#1825,#1826);
#1556=AXIS2_PLACEMENT_3D('',#2299,#1829,#1830);
#1557=AXIS2_PLACEMENT_3D('',#2302,#1833,#1834);
#1558=AXIS2_PLACEMENT_3D('',#2305,#1837,#1838);
#1559=AXIS2_PLACEMENT_3D('',#2308,#1841,#1842);
#1560=AXIS2_PLACEMENT_3D('',#2311,#1845,#1846);
#1561=AXIS2_PLACEMENT_3D('',#2314,#1849,#1850);
#1562=AXIS2_PLACEMENT_3D('',#2316,#1852,#1853);
#1563=AXIS2_PLACEMENT_3D('',#2319,#1856,#1857);
#1564=AXIS2_PLACEMENT_3D('',#2321,#1859,#1860);
#1565=AXIS2_PLACEMENT_3D('',#2322,#1861,#1862);
#1566=AXIS2_PLACEMENT_3D('',#2324,#1864,#1865);
#1567=AXIS2_PLACEMENT_3D('',#2325,#1866,#1867);
#1568=AXIS2_PLACEMENT_3D('',#2327,#1869,#1870);
#1569=AXIS2_PLACEMENT_3D('',#2329,#1872,#1873);
#1570=AXIS2_PLACEMENT_3D('',#2331,#1875,#1876);
#1571=AXIS2_PLACEMENT_3D('',#2334,#1879,#1880);
#1572=AXIS2_PLACEMENT_3D('',#2335,#1881,#1882);
#1573=AXIS2_PLACEMENT_3D('',#2336,#1883,#1884);
#1574=AXIS2_PLACEMENT_3D('',#2339,#1887,#1888);
#1575=AXIS2_PLACEMENT_3D('',#2340,#1889,#1890);
#1576=AXIS2_PLACEMENT_3D('',#2341,#1891,#1892);
#1577=AXIS2_PLACEMENT_3D('',#2344,#1895,#1896);
#1578=AXIS2_PLACEMENT_3D('',#2346,#1898,#1899);
#1579=AXIS2_PLACEMENT_3D('',#2347,#1900,#1901);
#1580=AXIS2_PLACEMENT_3D('',#2349,#1903,#1904);
#1581=AXIS2_PLACEMENT_3D('',#2350,#1905,#1906);
#1582=AXIS2_PLACEMENT_3D('',#2352,#1908,#1909);
#1583=AXIS2_PLACEMENT_3D('',#2353,#1910,#1911);
#1584=AXIS2_PLACEMENT_3D('',#2355,#1913,#1914);
#1585=AXIS2_PLACEMENT_3D('',#2356,#1915,#1916);
#1586=AXIS2_PLACEMENT_3D('',#2357,#1917,#1918);
#1587=AXIS2_PLACEMENT_3D('',#2358,#1919,#1920);
#1588=AXIS2_PLACEMENT_3D('',#2360,#1922,#1923);
#1589=AXIS2_PLACEMENT_3D('',#2361,#1924,#1925);
#1590=AXIS2_PLACEMENT_3D('',#2364,#1928,#1929);
#1591=AXIS2_PLACEMENT_3D('',#2366,#1931,#1932);
#1592=AXIS2_PLACEMENT_3D('',#2368,#1934,#1935);
#1593=AXIS2_PLACEMENT_3D('',#2369,#1936,#1937);
#1594=AXIS2_PLACEMENT_3D('',#2372,#1940,#1941);
#1595=AXIS2_PLACEMENT_3D('',#2374,#1943,#1944);
#1596=AXIS2_PLACEMENT_3D('',#2376,#1946,#1947);
#1597=AXIS2_PLACEMENT_3D('',#2377,#1948,#1949);
#1598=AXIS2_PLACEMENT_3D('',#2380,#1952,#1953);
#1599=AXIS2_PLACEMENT_3D('',#2382,#1955,#1956);
#1600=AXIS2_PLACEMENT_3D('',#2384,#1958,#1959);
#1601=AXIS2_PLACEMENT_3D('',#2385,#1960,#1961);
#1602=AXIS2_PLACEMENT_3D('',#2386,#1962,#1963);
#1603=DIRECTION('axis',(0.,0.,1.));
#1604=DIRECTION('refdir',(1.,0.,0.));
#1605=DIRECTION('axis',(0.,0.,1.));
#1606=DIRECTION('refdir',(1.,0.,0.));
#1607=DIRECTION('center_axis',(0.,1.,0.));
#1608=DIRECTION('ref_axis',(1.,0.,0.));
#1609=DIRECTION('center_axis',(0.,1.,0.));
#1610=DIRECTION('ref_axis',(1.,0.,0.));
#1611=DIRECTION('',(0.,1.,0.));
#1612=DIRECTION('center_axis',(0.,-1.,0.));
#1613=DIRECTION('ref_axis',(1.,0.,0.));
#1614=DIRECTION('center_axis',(0.,1.,0.));
#1615=DIRECTION('ref_axis',(1.,0.,0.));
#1616=DIRECTION('center_axis',(0.,1.,0.));
#1617=DIRECTION('ref_axis',(1.,0.,0.));
#1618=DIRECTION('',(0.,1.,0.));
#1619=DIRECTION('center_axis',(0.,-1.,0.));
#1620=DIRECTION('ref_axis',(1.,0.,0.));
#1621=DIRECTION('center_axis',(1.,-2.37058180012751E-36,7.93524106079729E-29));
#1622=DIRECTION('ref_axis',(7.93524106079729E-29,0.,-1.));
#1623=DIRECTION('',(0.,1.,0.));
#1624=DIRECTION('',(0.,0.,-1.));
#1625=DIRECTION('',(0.,-1.,0.));
#1626=DIRECTION('',(0.,0.,1.));
#1627=DIRECTION('center_axis',(-1.,0.,0.));
#1628=DIRECTION('ref_axis',(0.,1.,0.));
#1629=DIRECTION('',(0.,-1.,0.));
#1630=DIRECTION('',(0.,0.,-1.));
#1631=DIRECTION('',(0.,1.,0.));
#1632=DIRECTION('',(0.,0.,-1.));
#1633=DIRECTION('center_axis',(1.,0.,0.));
#1634=DIRECTION('ref_axis',(0.,-1.,0.));
#1635=DIRECTION('',(0.,-1.,0.));
#1636=DIRECTION('',(0.,0.,-1.));
#1637=DIRECTION('',(0.,1.,0.));
#1638=DIRECTION('',(0.,0.,-1.));
#1639=DIRECTION('center_axis',(1.,0.,0.));
#1640=DIRECTION('ref_axis',(0.,-1.,0.));
#1641=DIRECTION('',(0.,1.,0.));
#1642=DIRECTION('',(0.,0.,-1.));
#1643=DIRECTION('',(0.,-1.,0.));
#1644=DIRECTION('',(0.,0.,-1.));
#1645=DIRECTION('center_axis',(0.,1.,0.));
#1646=DIRECTION('ref_axis',(1.,0.,0.));
#1647=DIRECTION('',(-0.597145081259449,0.,0.802133250730604));
#1648=DIRECTION('',(-0.597140754127276,0.,0.802136472029734));
#1649=DIRECTION('center_axis',(0.,1.,0.));
#1650=DIRECTION('ref_axis',(1.,0.,0.));
#1651=DIRECTION('',(1.,0.,0.));
#1652=DIRECTION('',(-1.,0.,0.));
#1653=DIRECTION('center_axis',(0.,0.,-1.));
#1654=DIRECTION('ref_axis',(1.,0.,0.));
#1655=DIRECTION('',(-1.,0.,0.));
#1656=DIRECTION('',(0.,-1.,0.));
#1657=DIRECTION('',(1.,0.,0.));
#1658=DIRECTION('center_axis',(0.,-1.,0.));
#1659=DIRECTION('ref_axis',(0.,0.,-1.));
#1660=DIRECTION('',(-0.710651108414577,0.,0.703544598521752));
#1661=DIRECTION('',(0.,0.,-1.));
#1662=DIRECTION('',(-1.,0.,0.));
#1663=DIRECTION('',(-0.597145081259449,0.,0.802133250730604));
#1664=DIRECTION('',(0.597140754127275,0.,-0.802136472029735));
#1665=DIRECTION('',(1.,0.,7.54951656744889E-15));
#1666=DIRECTION('',(2.17764119474495E-5,0.,-0.999999999762894));
#1667=DIRECTION('',(-0.999999999762894,0.,-2.17764119472836E-5));
#1668=DIRECTION('',(2.17764119474495E-5,0.,-0.999999999762894));
#1669=DIRECTION('',(0.000168914347272579,0.,0.999999985733971));
#1670=DIRECTION('',(1.,0.,0.));
#1671=DIRECTION('',(0.597140754127285,0.,-0.802136472029727));
#1672=DIRECTION('',(1.,0.,2.22044604925031E-16));
#1673=DIRECTION('',(2.1776411947283E-5,0.,-0.999999999762894));
#1674=DIRECTION('',(-0.999999999762894,0.,-2.17764119472836E-5));
#1675=DIRECTION('',(2.1776411947283E-5,0.,-0.999999999762894));
#1676=DIRECTION('',(0.999999985733972,0.,-0.000168914347273064));
#1677=DIRECTION('',(0.597224152691061,0.,0.802074380243157));
#1678=DIRECTION('',(1.,0.,-1.80731379148611E-15));
#1679=DIRECTION('',(0.,0.,-1.));
#1680=DIRECTION('',(2.17764119474495E-5,0.,-0.999999999762894));
#1681=DIRECTION('',(-0.999999999762894,0.,-2.17764119472836E-5));
#1682=DIRECTION('',(2.17764119474495E-5,0.,-0.999999999762894));
#1683=DIRECTION('',(0.999999985733972,0.,-0.000168914347272727));
#1684=DIRECTION('',(0.597224152691061,0.,0.802074380243157));
#1685=DIRECTION('',(0.,0.,1.));
#1686=DIRECTION('',(-0.597228478733536,0.,-0.802071159056119));
#1687=DIRECTION('',(-1.,0.,0.));
#1688=DIRECTION('',(0.000168914347272579,0.,0.999999985733971));
#1689=DIRECTION('',(0.710683187198487,0.,0.703512194232197));
#1690=DIRECTION('',(1.,0.,0.));
#1691=DIRECTION('',(0.,0.,1.));
#1692=DIRECTION('',(-1.,0.,0.));
#1693=DIRECTION('',(-1.,0.,0.));
#1694=DIRECTION('',(0.,0.,1.));
#1695=DIRECTION('',(1.,0.,0.));
#1696=DIRECTION('',(5.55111512312578E-17,0.,-1.));
#1697=DIRECTION('',(1.,0.,0.));
#1698=DIRECTION('',(-0.703549728173968,0.,0.710646030022215));
#1699=DIRECTION('',(0.,0.,-1.));
#1700=DIRECTION('',(-1.,0.,0.));
#1701=DIRECTION('',(-0.597145081259449,0.,0.802133250730604));
#1702=DIRECTION('',(-0.999999985733972,0.,0.000168914347280946));
#1703=DIRECTION('',(-1.,0.,0.));
#1704=DIRECTION('',(0.000168914347272553,0.,0.999999985733971));
#1705=DIRECTION('',(0.710646030022215,0.,0.703549728173969));
#1706=DIRECTION('',(1.,0.,0.));
#1707=DIRECTION('',(-0.597228478733536,0.,-0.802071159056119));
#1708=DIRECTION('',(-1.,0.,0.));
#1709=DIRECTION('',(0.,0.,1.));
#1710=DIRECTION('',(1.,0.,0.));
#1711=DIRECTION('',(0.,0.,-1.));
#1712=DIRECTION('',(-1.,0.,0.));
#1713=DIRECTION('',(0.,0.,1.));
#1714=DIRECTION('',(1.,0.,0.));
#1715=DIRECTION('',(0.,0.,-1.));
#1716=DIRECTION('center_axis',(-0.802136472029735,0.,-0.597140754127275));
#1717=DIRECTION('ref_axis',(0.597140754127275,0.,-0.802136472029735));
#1718=DIRECTION('',(-0.597140754127275,0.,0.802136472029735));
#1719=DIRECTION('',(0.,-1.,0.));
#1720=DIRECTION('center_axis',(0.,0.,1.));
#1721=DIRECTION('ref_axis',(-1.,0.,0.));
#1722=DIRECTION('',(0.,1.,0.));
#1723=DIRECTION('',(1.,0.,0.));
#1724=DIRECTION('',(0.,-1.,0.));
#1725=DIRECTION('',(1.,0.,0.));
#1726=DIRECTION('center_axis',(0.,-1.,0.));
#1727=DIRECTION('ref_axis',(0.,0.,-1.));
#1728=DIRECTION('',(0.,0.,-1.));
#1729=DIRECTION('',(-1.,0.,0.));
#1730=DIRECTION('',(-0.710683187198487,0.,-0.703512194232197));
#1731=DIRECTION('',(0.000168914347272579,0.,0.999999985733971));
#1732=DIRECTION('',(-1.,0.,0.));
#1733=DIRECTION('',(0.597228478733535,0.,0.80207115905612));
#1734=DIRECTION('',(0.,0.,-1.));
#1735=DIRECTION('',(0.59722415269106,-2.96644445603619E-8,0.802074380243157));
#1736=DIRECTION('',(0.597224152691061,0.,0.802074380243157));
#1737=DIRECTION('',(0.999999985733972,0.,-0.000168914347272727));
#1738=DIRECTION('',(2.17764119474495E-5,0.,-0.999999999762894));
#1739=DIRECTION('',(0.999999999762894,0.,2.17764119472836E-5));
#1740=DIRECTION('',(2.17764119474495E-5,0.,-0.999999999762894));
#1741=DIRECTION('',(0.,0.,-1.));
#1742=DIRECTION('',(-1.,0.,1.80731379148611E-15));
#1743=DIRECTION('',(0.597224152691061,0.,0.802074380243157));
#1744=DIRECTION('',(0.999999985733972,0.,-0.000168914347273064));
#1745=DIRECTION('',(2.1776411947283E-5,0.,-0.999999999762894));
#1746=DIRECTION('',(0.999999999762894,0.,2.17764119472836E-5));
#1747=DIRECTION('',(2.1776411947283E-5,0.,-0.999999999762894));
#1748=DIRECTION('',(1.,0.,2.22044604925031E-16));
#1749=DIRECTION('',(0.597140754127285,0.,-0.802136472029727));
#1750=DIRECTION('',(-1.,0.,0.));
#1751=DIRECTION('',(0.000168914347272579,0.,0.999999985733971));
#1752=DIRECTION('',(2.17764119474495E-5,0.,-0.999999999762894));
#1753=DIRECTION('',(0.999999999762894,0.,2.17764119472836E-5));
#1754=DIRECTION('',(2.17764119474495E-5,0.,-0.999999999762894));
#1755=DIRECTION('',(1.,0.,7.54951656744889E-15));
#1756=DIRECTION('',(-0.597145081259449,-2.96605170398677E-8,0.802133250730603));
#1757=DIRECTION('',(-0.597145081259449,0.,0.802133250730604));
#1758=DIRECTION('',(-1.,0.,0.));
#1759=DIRECTION('',(0.,0.,-1.));
#1760=DIRECTION('',(-0.710651108414577,0.,0.703544598521752));
#1761=DIRECTION('',(1.,0.,0.));
#1762=DIRECTION('',(-5.55111512312578E-17,0.,1.));
#1763=DIRECTION('',(-1.,0.,0.));
#1764=DIRECTION('',(0.,0.,-1.));
#1765=DIRECTION('',(-0.999999985733972,0.,0.000168914347280946));
#1766=DIRECTION('',(-0.597145081259449,0.,0.802133250730604));
#1767=DIRECTION('',(-1.,0.,0.));
#1768=DIRECTION('',(0.,0.,-1.));
#1769=DIRECTION('',(-0.703549728173968,0.,0.710646030022215));
#1770=DIRECTION('',(1.,0.,0.));
#1771=DIRECTION('',(-1.,0.,0.));
#1772=DIRECTION('',(-0.597228478733536,0.,-0.802071159056119));
#1773=DIRECTION('',(1.,0.,0.));
#1774=DIRECTION('',(-0.710646030022215,0.,-0.703549728173969));
#1775=DIRECTION('',(0.000168914347272553,0.,0.999999985733971));
#1776=DIRECTION('',(1.,0.,0.));
#1777=DIRECTION('',(0.,0.,1.));
#1778=DIRECTION('',(-1.,0.,0.));
#1779=DIRECTION('',(0.,0.,-1.));
#1780=DIRECTION('',(1.,0.,0.));
#1781=DIRECTION('',(0.,0.,1.));
#1782=DIRECTION('',(-1.,0.,0.));
#1783=DIRECTION('',(0.,0.,-1.));
#1784=DIRECTION('center_axis',(0.802133250730604,0.,0.597145081259449));
#1785=DIRECTION('ref_axis',(-0.597145081259449,0.,0.802133250730604));
#1786=DIRECTION('',(0.,-1.,0.));
#1787=DIRECTION('center_axis',(1.,-1.71570929578302E-36,-5.74365761203963E-29));
#1788=DIRECTION('ref_axis',(-5.74365761203963E-29,0.,-1.));
#1789=DIRECTION('',(0.,1.,0.));
#1790=DIRECTION('',(0.,0.,1.));
#1791=DIRECTION('',(0.,-1.,0.));
#1792=DIRECTION('center_axis',(0.,1.,0.));
#1793=DIRECTION('ref_axis',(1.,0.,0.));
#1794=DIRECTION('',(0.597228478733536,0.,0.802071159056119));
#1795=DIRECTION('',(0.,0.,-1.));
#1796=DIRECTION('',(-0.597224152691061,0.,-0.802074380243157));
#1797=DIRECTION('center_axis',(-1.,0.,0.));
#1798=DIRECTION('ref_axis',(0.,1.,0.));
#1799=DIRECTION('',(0.,1.,0.));
#1800=DIRECTION('',(0.,-1.,0.));
#1801=DIRECTION('center_axis',(0.,-1.,0.));
#1802=DIRECTION('ref_axis',(-1.,0.,0.));
#1803=DIRECTION('',(-1.,0.,0.));
#1804=DIRECTION('',(0.,0.,-1.));
#1805=DIRECTION('',(0.,0.,-1.));
#1806=DIRECTION('center_axis',(0.802074380243157,0.,-0.597224152691061));
#1807=DIRECTION('ref_axis',(0.597224152691061,0.,0.802074380243157));
#1808=DIRECTION('',(0.,-1.,0.));
#1809=DIRECTION('center_axis',(-1.,0.,0.));
#1810=DIRECTION('ref_axis',(0.,1.,0.));
#1811=DIRECTION('',(0.,-1.,0.));
#1812=DIRECTION('center_axis',(0.,0.,-1.));
#1813=DIRECTION('ref_axis',(1.,0.,0.));
#1814=DIRECTION('',(0.,1.,0.));
#1815=DIRECTION('',(0.,1.,0.));
#1816=DIRECTION('center_axis',(1.,0.,0.));
#1817=DIRECTION('ref_axis',(0.,-1.,0.));
#1818=DIRECTION('center_axis',(-0.000168914347272727,0.,-0.999999985733972));
#1819=DIRECTION('ref_axis',(0.999999985733972,0.,-0.000168914347272727));
#1820=DIRECTION('',(0.,-1.,0.));
#1821=DIRECTION('center_axis',(-1.,0.,0.));
#1822=DIRECTION('ref_axis',(0.,0.,-1.));
#1823=DIRECTION('',(0.,1.,0.));
#1824=DIRECTION('',(0.,-1.,0.));
#1825=DIRECTION('center_axis',(-1.,0.,0.));
#1826=DIRECTION('ref_axis',(0.,0.,-1.));
#1827=DIRECTION('',(0.,1.,0.));
#1828=DIRECTION('',(0.,-1.,0.));
#1829=DIRECTION('center_axis',(0.999999985733972,0.,-0.000168914347272579));
#1830=DIRECTION('ref_axis',(0.000168914347272579,0.,0.999999985733971));
#1831=DIRECTION('',(0.,-1.,0.));
#1832=DIRECTION('',(0.,-1.,0.));
#1833=DIRECTION('center_axis',(0.999999985733972,0.,-0.000168914347272553));
#1834=DIRECTION('ref_axis',(0.000168914347272553,0.,0.999999985733971));
#1835=DIRECTION('',(0.,-1.,0.));
#1836=DIRECTION('',(0.,-1.,0.));
#1837=DIRECTION('center_axis',(-1.,0.,0.));
#1838=DIRECTION('ref_axis',(0.,0.,-1.));
#1839=DIRECTION('',(0.,1.,0.));
#1840=DIRECTION('',(0.,-1.,0.));
#1841=DIRECTION('center_axis',(-0.000168914347273064,0.,-0.999999985733972));
#1842=DIRECTION('ref_axis',(0.999999985733972,0.,-0.000168914347273064));
#1843=DIRECTION('',(0.,-1.,0.));
#1844=DIRECTION('',(0.,-1.,0.));
#1845=DIRECTION('center_axis',(2.22044604925031E-16,0.,-1.));
#1846=DIRECTION('ref_axis',(1.,0.,2.22044604925031E-16));
#1847=DIRECTION('',(0.,-1.,0.));
#1848=DIRECTION('',(0.,-1.,0.));
#1849=DIRECTION('center_axis',(-0.802136472029727,0.,-0.597140754127285));
#1850=DIRECTION('ref_axis',(0.597140754127285,0.,-0.802136472029727));
#1851=DIRECTION('',(0.,1.,0.));
#1852=DIRECTION('center_axis',(0.000168914347280946,0.,0.999999985733972));
#1853=DIRECTION('ref_axis',(-0.999999985733972,0.,0.000168914347280946));
#1854=DIRECTION('',(0.,-1.,0.));
#1855=DIRECTION('',(0.,-1.,0.));
#1856=DIRECTION('center_axis',(0.802133250730604,0.,0.597145081259449));
#1857=DIRECTION('ref_axis',(-0.597145081259449,0.,0.802133250730604));
#1858=DIRECTION('',(0.,-1.,0.));
#1859=DIRECTION('center_axis',(0.,0.,1.));
#1860=DIRECTION('ref_axis',(-1.,0.,0.));
#1861=DIRECTION('center_axis',(7.54951656744889E-15,0.,-1.));
#1862=DIRECTION('ref_axis',(1.,0.,7.54951656744889E-15));
#1863=DIRECTION('',(0.,-1.,0.));
#1864=DIRECTION('center_axis',(0.,0.,1.));
#1865=DIRECTION('ref_axis',(-1.,0.,0.));
#1866=DIRECTION('center_axis',(0.,0.,1.));
#1867=DIRECTION('ref_axis',(-1.,0.,0.));
#1868=DIRECTION('',(0.,-1.,0.));
#1869=DIRECTION('center_axis',(0.,0.,1.));
#1870=DIRECTION('ref_axis',(-1.,0.,0.));
#1871=DIRECTION('',(0.,-1.,0.));
#1872=DIRECTION('center_axis',(-0.802071159056119,0.,0.597228478733536));
#1873=DIRECTION('ref_axis',(-0.597228478733536,0.,-0.802071159056119));
#1874=DIRECTION('',(0.,-1.,0.));
#1875=DIRECTION('center_axis',(2.1776411947283E-5,0.,-0.999999999762894));
#1876=DIRECTION('ref_axis',(-0.999999999762894,0.,-2.1776411947283E-5));
#1877=DIRECTION('',(0.,-1.,0.));
#1878=DIRECTION('',(0.,1.,0.));
#1879=DIRECTION('center_axis',(0.999999999762894,0.,2.1776411947283E-5));
#1880=DIRECTION('ref_axis',(0.,-1.,0.));
#1881=DIRECTION('center_axis',(-0.999999999762894,0.,-2.1776411947283E-5));
#1882=DIRECTION('ref_axis',(0.,1.,0.));
#1883=DIRECTION('center_axis',(2.17764119474495E-5,0.,-0.999999999762894));
#1884=DIRECTION('ref_axis',(-0.999999999762894,0.,-2.17764119474495E-5));
#1885=DIRECTION('',(0.,-1.,0.));
#1886=DIRECTION('',(0.,1.,0.));
#1887=DIRECTION('center_axis',(0.999999999762894,0.,2.17764119474495E-5));
#1888=DIRECTION('ref_axis',(0.,-1.,0.));
#1889=DIRECTION('center_axis',(-0.999999999762894,0.,-2.17764119474495E-5));
#1890=DIRECTION('ref_axis',(0.,1.,0.));
#1891=DIRECTION('center_axis',(2.17764119474495E-5,0.,-0.999999999762894));
#1892=DIRECTION('ref_axis',(-0.999999999762894,0.,-2.17764119474495E-5));
#1893=DIRECTION('',(0.,-1.,0.));
#1894=DIRECTION('',(0.,1.,0.));
#1895=DIRECTION('center_axis',(0.999999999762894,0.,2.17764119474495E-5));
#1896=DIRECTION('ref_axis',(0.,-1.,0.));
#1897=DIRECTION('',(0.,-1.,0.));
#1898=DIRECTION('center_axis',(-0.999999999762894,0.,-2.17764119474495E-5));
#1899=DIRECTION('ref_axis',(0.,1.,0.));
#1900=DIRECTION('center_axis',(0.802074380243157,0.,-0.597224152691061));
#1901=DIRECTION('ref_axis',(0.597224152691061,0.,0.802074380243157));
#1902=DIRECTION('',(0.,-1.,0.));
#1903=DIRECTION('center_axis',(-1.80731379148611E-15,0.,-1.));
#1904=DIRECTION('ref_axis',(-1.,0.,1.80731379148611E-15));
#1905=DIRECTION('center_axis',(0.999999985733972,0.,-0.000168914347272579));
#1906=DIRECTION('ref_axis',(0.000168914347272579,0.,0.999999985733971));
#1907=DIRECTION('',(0.,-1.,0.));
#1908=DIRECTION('center_axis',(0.,0.,-1.));
#1909=DIRECTION('ref_axis',(-1.,0.,0.));
#1910=DIRECTION('center_axis',(0.,0.,-1.));
#1911=DIRECTION('ref_axis',(1.,0.,0.));
#1912=DIRECTION('',(0.,-1.,0.));
#1913=DIRECTION('center_axis',(-0.710646030022215,0.,-0.703549728173968));
#1914=DIRECTION('ref_axis',(-0.703549728173968,0.,0.710646030022215));
#1915=DIRECTION('center_axis',(-0.703544598521752,0.,-0.710651108414577));
#1916=DIRECTION('ref_axis',(-0.710651108414577,0.,0.703544598521752));
#1917=DIRECTION('center_axis',(0.703512194232197,0.,-0.710683187198487));
#1918=DIRECTION('ref_axis',(-0.710683187198487,0.,-0.703512194232197));
#1919=DIRECTION('center_axis',(0.,0.,-1.));
#1920=DIRECTION('ref_axis',(1.,0.,0.));
#1921=DIRECTION('',(0.,1.,0.));
#1922=DIRECTION('center_axis',(0.703549728173969,0.,-0.710646030022215));
#1923=DIRECTION('ref_axis',(-0.710646030022215,0.,-0.703549728173969));
#1924=DIRECTION('center_axis',(1.,0.,0.));
#1925=DIRECTION('ref_axis',(0.,0.,-1.));
#1926=DIRECTION('',(0.,1.,0.));
#1927=DIRECTION('',(0.,1.,0.));
#1928=DIRECTION('center_axis',(0.,0.,-1.));
#1929=DIRECTION('ref_axis',(-1.,0.,0.));
#1930=DIRECTION('',(0.,1.,0.));
#1931=DIRECTION('center_axis',(-1.,0.,0.));
#1932=DIRECTION('ref_axis',(0.,0.,1.));
#1933=DIRECTION('',(0.,1.,0.));
#1934=DIRECTION('center_axis',(0.,0.,1.));
#1935=DIRECTION('ref_axis',(1.,0.,0.));
#1936=DIRECTION('center_axis',(1.,0.,5.55111512312578E-17));
#1937=DIRECTION('ref_axis',(5.55111512312578E-17,0.,-1.));
#1938=DIRECTION('',(0.,1.,0.));
#1939=DIRECTION('',(0.,1.,0.));
#1940=DIRECTION('center_axis',(0.,0.,-1.));
#1941=DIRECTION('ref_axis',(-1.,0.,0.));
#1942=DIRECTION('',(0.,1.,0.));
#1943=DIRECTION('center_axis',(-1.,0.,0.));
#1944=DIRECTION('ref_axis',(0.,0.,1.));
#1945=DIRECTION('',(0.,1.,0.));
#1946=DIRECTION('center_axis',(0.,0.,1.));
#1947=DIRECTION('ref_axis',(1.,0.,0.));
#1948=DIRECTION('center_axis',(1.,0.,0.));
#1949=DIRECTION('ref_axis',(0.,0.,-1.));
#1950=DIRECTION('',(0.,1.,0.));
#1951=DIRECTION('',(0.,1.,0.));
#1952=DIRECTION('center_axis',(0.,0.,-1.));
#1953=DIRECTION('ref_axis',(-1.,0.,0.));
#1954=DIRECTION('',(0.,1.,0.));
#1955=DIRECTION('center_axis',(-1.,0.,0.));
#1956=DIRECTION('ref_axis',(0.,0.,1.));
#1957=DIRECTION('',(0.,1.,0.));
#1958=DIRECTION('center_axis',(0.,0.,1.));
#1959=DIRECTION('ref_axis',(1.,0.,0.));
#1960=DIRECTION('center_axis',(-0.802071159056119,0.,0.597228478733536));
#1961=DIRECTION('ref_axis',(-0.597228478733536,0.,-0.802071159056119));
#1962=DIRECTION('',(0.,0.,1.));
#1963=DIRECTION('',(1.,0.,0.));
#1964=CARTESIAN_POINT('',(0.,0.,0.));
#1965=CARTESIAN_POINT('',(0.,0.,0.));
#1966=CARTESIAN_POINT('Origin',(83.3333333333333,-30.,82.1666684084485));
#1967=CARTESIAN_POINT('',(81.8333333333333,-27.5000001862645,82.1666684084485));
#1968=CARTESIAN_POINT('Origin',(83.3333333333333,-27.5000001862645,82.1666684084485));
#1969=CARTESIAN_POINT('',(81.8333333333333,-25.,82.1666684084485));
#1970=CARTESIAN_POINT('',(81.8333333333333,-30.,82.1666684084485));
#1971=CARTESIAN_POINT('Origin',(83.3333333333333,-25.,82.1666684084485));
#1972=CARTESIAN_POINT('Origin',(-83.3166666666667,-30.,82.1666684084485));
#1973=CARTESIAN_POINT('',(-84.8166666666667,-27.5000001862645,82.1666684084485));
#1974=CARTESIAN_POINT('Origin',(-83.3166666666667,-27.5000001862645,82.1666684084485));
#1975=CARTESIAN_POINT('',(-84.8166666666667,-25.,82.1666684084485));
#1976=CARTESIAN_POINT('',(-84.8166666666667,-30.,82.1666684084485));
#1977=CARTESIAN_POINT('Origin',(-83.3166666666667,-25.,82.1666684084485));
#1978=CARTESIAN_POINT('Origin',(-90.8333333266667,-26.250000143659,29.8657561783308));
#1979=CARTESIAN_POINT('',(-90.8333333266667,-27.5000001862645,26.5076876904666));
#1980=CARTESIAN_POINT('',(-90.8333333266667,-25.,26.5076876904666));
#1981=CARTESIAN_POINT('',(-90.8333333266667,-13.7500000931323,26.5076876904666));
#1982=CARTESIAN_POINT('',(-90.8333333266667,-27.5000001862645,33.2238246661949));
#1983=CARTESIAN_POINT('',(-90.8333333266667,-27.5000001862645,86.3333367721936));
#1984=CARTESIAN_POINT('',(-90.8333333266667,-25.000000372529,33.2238246661949));
#1985=CARTESIAN_POINT('',(-90.8333333266667,-13.7500000931323,33.2238246661949));
#1986=CARTESIAN_POINT('',(-90.8333333266667,-25.,63.4166726257992));
#1987=CARTESIAN_POINT('Origin',(-90.8333333266667,-27.5000001862645,86.3333367721936));
#1988=CARTESIAN_POINT('',(-90.8333333266667,-25.000000372529,78.0000000447035));
#1989=CARTESIAN_POINT('',(-90.8333333266667,-27.5000001862645,78.0000000447035));
#1990=CARTESIAN_POINT('',(-90.8333333266667,-26.8750002328306,78.0000000447035));
#1991=CARTESIAN_POINT('',(-90.8333333266667,-27.5000001862645,86.3333367721936));
#1992=CARTESIAN_POINT('',(-90.8333333266667,-27.5000001862645,86.3333367721936));
#1993=CARTESIAN_POINT('',(-90.8333333266667,-25.000000372529,86.3333367721936));
#1994=CARTESIAN_POINT('',(-90.8333333266667,-30.,86.3333367721936));
#1995=CARTESIAN_POINT('',(-90.8333333266667,-25.000000372529,86.3333367721936));
#1996=CARTESIAN_POINT('Origin',(-75.8333333266667,-27.5000001862645,86.3333367721936));
#1997=CARTESIAN_POINT('',(-75.8333333266667,-27.5000001862645,13.0746194921656));
#1998=CARTESIAN_POINT('',(-75.8333333266667,-30.,13.0746194921656));
#1999=CARTESIAN_POINT('',(-75.8333333266667,-13.7500000931323,13.0746194921656));
#2000=CARTESIAN_POINT('',(-75.8333333266667,-27.5000001862645,6.35825558876567));
#2001=CARTESIAN_POINT('',(-75.8333333266667,-27.5000001862645,86.3333367721936));
#2002=CARTESIAN_POINT('',(-75.8333333266667,-30.,6.35825558876567));
#2003=CARTESIAN_POINT('',(-75.8333333266667,-13.7500000931323,6.35825558876569));
#2004=CARTESIAN_POINT('',(-75.8333333266667,-30.,63.4166726257992));
#2005=CARTESIAN_POINT('Origin',(-75.8333333266667,-27.5000001862645,86.3333367721936));
#2006=CARTESIAN_POINT('',(-75.8333333266667,-30.,78.0000000447035));
#2007=CARTESIAN_POINT('',(-75.8333333266667,-27.5000001862645,78.0000000447035));
#2008=CARTESIAN_POINT('',(-75.8333333266667,-13.7500000931323,78.0000000447035));
#2009=CARTESIAN_POINT('',(-75.8333333266667,-30.,86.3333367721936));
#2010=CARTESIAN_POINT('',(-75.8333333266667,-30.,63.4166726257992));
#2011=CARTESIAN_POINT('',(-75.8333333266667,-27.5000001862645,86.3333367721936));
#2012=CARTESIAN_POINT('',(-75.8333333266667,-13.7500000931323,86.3333367721936));
#2013=CARTESIAN_POINT('',(-75.8333333266667,-27.5000001862645,86.3333367721936));
#2014=CARTESIAN_POINT('Origin',(-83.3333333266667,-27.5000001862645,86.3333367721936));
#2015=CARTESIAN_POINT('',(-83.3333333266667,-27.5000001862645,23.1492220791803));
#2016=CARTESIAN_POINT('',(-83.3333333266667,-27.5000001862645,16.4329716396162));
#2017=CARTESIAN_POINT('Origin',(-83.3333333266667,-27.5000001862645,86.3333367721936));
#2018=CARTESIAN_POINT('',(-85.2083333266667,-27.5000001862645,78.0000000447035));
#2019=CARTESIAN_POINT('',(-75.8333333266667,-27.5000001862645,86.3333367721936));
#2020=CARTESIAN_POINT('Origin',(-129.166159850763,0.,78.0000000447035));
#2021=CARTESIAN_POINT('',(-75.0000011175871,-25.,78.0000011622906));
#2022=CARTESIAN_POINT('',(-88.9583333266667,-25.000000372529,78.0000000447035));
#2023=CARTESIAN_POINT('',(-75.0000011175871,-30.,78.0000011622906));
#2024=CARTESIAN_POINT('',(-74.9999999887113,-15.,78.0000000447035));
#2025=CARTESIAN_POINT('',(200.,-30.,78.0000000447035));
#2026=CARTESIAN_POINT('Origin',(65.8335867412853,-30.,40.5000084794048));
#2027=CARTESIAN_POINT('',(-68.3333333333333,-30.,71.4000000447035));
#2028=CARTESIAN_POINT('',(-68.3333333333333,-30.,71.4000000447035));
#2029=CARTESIAN_POINT('',(-68.3333333333333,-30.,10.0000001490116));
#2030=CARTESIAN_POINT('',(-68.3333333333333,-30.,78.0000000447035));
#2031=CARTESIAN_POINT('',(-73.5444445219235,-30.,10.0000001490116));
#2032=CARTESIAN_POINT('',(-73.5444445219235,-30.,10.0000001490116));
#2033=CARTESIAN_POINT('',(-124.166159922093,-30.,77.9991554729671));
#2034=CARTESIAN_POINT('',(-73.3333333333348,-30.,3.00001691410606));
#2035=CARTESIAN_POINT('',(-73.3333333333348,-30.,3.00001691410606));
#2036=CARTESIAN_POINT('',(-68.3333333333333,-30.,3.0000169141061));
#2037=CARTESIAN_POINT('',(-68.3333333333333,-30.,3.00001691410609));
#2038=CARTESIAN_POINT('',(-68.3331155692138,-30.,-6.99998308352285));
#2039=CARTESIAN_POINT('',(-68.3333333333333,-30.,3.0000169141061));
#2040=CARTESIAN_POINT('',(-63.3452773083396,-30.,-6.99987446630213));
#2041=CARTESIAN_POINT('',(-68.3331155692139,-30.,-6.99998308352285));
#2042=CARTESIAN_POINT('',(-63.3454950724591,-30.,3.00012553132682));
#2043=CARTESIAN_POINT('',(-63.3454950724591,-30.,3.00012553132682));
#2044=CARTESIAN_POINT('',(-63.3339413521373,-30.,71.4000000447035));
#2045=CARTESIAN_POINT('',(-63.3454950724591,-30.,3.00012553132682));
#2046=CARTESIAN_POINT('',(-58.4195366787721,-30.,71.4000000447035));
#2047=CARTESIAN_POINT('',(-63.3339413521373,-30.,71.4000000447035));
#2048=CARTESIAN_POINT('',(-7.5,-30.,3.00001691410609));
#2049=CARTESIAN_POINT('',(-7.5,-30.,3.00001691410609));
#2050=CARTESIAN_POINT('',(-2.5,-30.,3.00001691410609));
#2051=CARTESIAN_POINT('',(-2.5,-30.,3.00001691410609));
#2052=CARTESIAN_POINT('',(-2.49978223588053,-30.,-6.99998308352285));
#2053=CARTESIAN_POINT('',(-2.5,-30.,3.00001691410609));
#2054=CARTESIAN_POINT('',(2.48805602499374,-30.,-6.99987446630213));
#2055=CARTESIAN_POINT('',(-2.49978223588053,-30.,-6.99998308352285));
#2056=CARTESIAN_POINT('',(2.48783826087426,-30.,3.00012553132682));
#2057=CARTESIAN_POINT('',(2.48783826087426,-30.,3.00012553132682));
#2058=CARTESIAN_POINT('',(7.48783818954412,-30.,2.99928095959045));
#2059=CARTESIAN_POINT('',(2.48783826087427,-30.,3.00012553132682));
#2060=CARTESIAN_POINT('',(58.4189768785541,-30.,71.4000000447035));
#2061=CARTESIAN_POINT('',(7.48783818954413,-30.,2.99928095959045));
#2062=CARTESIAN_POINT('',(63.3333333333333,-30.,71.4000000447035));
#2063=CARTESIAN_POINT('',(58.4189768785541,-30.,71.4000000447035));
#2064=CARTESIAN_POINT('',(63.3333333333333,-30.,3.00001691410609));
#2065=CARTESIAN_POINT('',(63.3333333333333,-30.,78.0000000447035));
#2066=CARTESIAN_POINT('',(63.3335510974528,-30.,-6.99998308352285));
#2067=CARTESIAN_POINT('',(63.3333333333333,-30.,3.00001691410609));
#2068=CARTESIAN_POINT('',(68.3213893583271,-30.,-6.99987446630213));
#2069=CARTESIAN_POINT('',(63.3335510974528,-30.,-6.99998308352285));
#2070=CARTESIAN_POINT('',(68.3211715942076,-30.,3.00012553132682));
#2071=CARTESIAN_POINT('',(68.3211715942076,-30.,3.00012553132682));
#2072=CARTESIAN_POINT('',(73.3211715228776,-30.,2.99928095959045));
#2073=CARTESIAN_POINT('',(68.3211715942076,-30.,3.00012553132682));
#2074=CARTESIAN_POINT('',(75.8333333333333,-30.,6.37312412737362));
#2075=CARTESIAN_POINT('',(73.3211715228776,-30.,2.99928095959045));
#2076=CARTESIAN_POINT('',(75.8333333333333,-30.,13.0888746242948));
#2077=CARTESIAN_POINT('',(75.8333333333333,-30.,63.4166726257992));
#2078=CARTESIAN_POINT('',(73.533333161225,-30.,10.0000001490116));
#2079=CARTESIAN_POINT('',(124.166666666667,-30.,78.0000000447035));
#2080=CARTESIAN_POINT('',(68.3223539734765,-30.,10.0000001490116));
#2081=CARTESIAN_POINT('',(68.3223539734765,-30.,10.0000001490116));
#2082=CARTESIAN_POINT('',(68.3327253145294,-30.,71.4000000447035));
#2083=CARTESIAN_POINT('',(68.3211715942076,-30.,3.00012553132682));
#2084=CARTESIAN_POINT('',(75.0000011175871,-30.,78.0000011622906));
#2085=CARTESIAN_POINT('',(68.3327253145294,-30.,71.4000000447035));
#2086=CARTESIAN_POINT('',(75.8333333333333,-30.,78.0000000447035));
#2087=CARTESIAN_POINT('',(200.,-30.,78.0000000447035));
#2088=CARTESIAN_POINT('',(75.8333333333333,-30.,86.3333367721936));
#2089=CARTESIAN_POINT('',(75.8333333333333,-30.,63.4166726257992));
#2090=CARTESIAN_POINT('',(-200.000002980232,-30.,86.3333367721936));
#2091=CARTESIAN_POINT('',(2.49999999751647,-30.,78.0000000447035));
#2092=CARTESIAN_POINT('',(-2.5,-30.,78.0000000447035));
#2093=CARTESIAN_POINT('',(34.1667933694009,-30.,78.0000000447035));
#2094=CARTESIAN_POINT('',(-2.5,-30.,83.0000000447035));
#2095=CARTESIAN_POINT('',(-2.5,-30.,59.2500042620541));
#2096=CARTESIAN_POINT('',(2.49999999751647,-30.,83.0000000447035));
#2097=CARTESIAN_POINT('',(31.6667933706427,-30.,83.0000000447035));
#2098=CARTESIAN_POINT('',(2.49999999751648,-30.,61.7500042620541));
#2099=CARTESIAN_POINT('',(-63.3328265174294,-30.,78.0000000447035));
#2100=CARTESIAN_POINT('',(-9.03409434483584,-30.,78.0000000447035));
#2101=CARTESIAN_POINT('',(200.,-30.,78.0000000447035));
#2102=CARTESIAN_POINT('',(-2.5,-30.,71.4000000447035));
#2103=CARTESIAN_POINT('',(-2.5,-30.,71.4000000447035));
#2104=CARTESIAN_POINT('',(-2.5,-30.,10.0000001490116));
#2105=CARTESIAN_POINT('',(-2.5,-30.,78.0000000447035));
#2106=CARTESIAN_POINT('',(-7.71111118859016,-30.,10.0000001490116));
#2107=CARTESIAN_POINT('',(-7.71111118859016,-30.,10.0000001490116));
#2108=CARTESIAN_POINT('',(-58.3328265887595,-30.,77.9991554729671));
#2109=CARTESIAN_POINT('',(-58.3328265887595,-30.,77.9991554729671));
#2110=CARTESIAN_POINT('',(-63.3328265174294,-30.,78.0000000447035));
#2111=CARTESIAN_POINT('',(7.69999982789159,-30.,10.0000001490116));
#2112=CARTESIAN_POINT('',(2.48902064014317,-30.,10.0000001490116));
#2113=CARTESIAN_POINT('',(-7.71111118859016,-30.,10.0000001490116));
#2114=CARTESIAN_POINT('',(2.49941906891137,-30.,71.5603636572432));
#2115=CARTESIAN_POINT('',(2.48783826087427,-30.,3.00012553132682));
#2116=CARTESIAN_POINT('',(9.00400836839529,-30.,78.0000000447035));
#2117=CARTESIAN_POINT('',(2.33743796075689,-30.,71.4000000447035));
#2118=CARTESIAN_POINT('',(58.3333333333333,-30.,78.0000000447035));
#2119=CARTESIAN_POINT('',(200.,-30.,78.0000000447035));
#2120=CARTESIAN_POINT('',(2.48783826087427,-30.,3.00012553132682));
#2121=CARTESIAN_POINT('',(-63.3333333358169,-30.,78.0000000447035));
#2122=CARTESIAN_POINT('',(-68.3333333333333,-30.,78.0000000447035));
#2123=CARTESIAN_POINT('',(1.25012670273422,-30.,78.0000000447035));
#2124=CARTESIAN_POINT('',(-68.3333333333333,-30.,83.0000000447035));
#2125=CARTESIAN_POINT('',(-68.3333333333333,-30.,59.2500042620541));
#2126=CARTESIAN_POINT('',(-63.3333333358169,-30.,83.0000000447035));
#2127=CARTESIAN_POINT('',(-1.24987329602401,-30.,83.0000000447035));
#2128=CARTESIAN_POINT('',(-63.3333333358169,-30.,61.7500042620541));
#2129=CARTESIAN_POINT('',(68.3333333333333,-30.,78.0000000447035));
#2130=CARTESIAN_POINT('',(63.3333333333333,-30.,78.0000000447035));
#2131=CARTESIAN_POINT('',(67.0834600373093,-30.,78.0000000447035));
#2132=CARTESIAN_POINT('',(63.3333333333333,-30.,83.0000000447035));
#2133=CARTESIAN_POINT('',(63.3333333333333,-30.,59.2500042620541));
#2134=CARTESIAN_POINT('',(68.3333333333333,-30.,83.0000000447035));
#2135=CARTESIAN_POINT('',(64.5834600373093,-30.,83.0000000447035));
#2136=CARTESIAN_POINT('',(68.3333333333333,-30.,61.7500042620541));
#2137=CARTESIAN_POINT('Origin',(-129.166159850763,0.,78.0000000447035));
#2138=CARTESIAN_POINT('',(-73.3333333333348,-25.,3.00001691410606));
#2139=CARTESIAN_POINT('',(-83.3333333266667,-25.,16.4329716396161));
#2140=CARTESIAN_POINT('',(-73.3333333333348,0.,3.00001691410606));
#2141=CARTESIAN_POINT('Origin',(200.000002978872,0.,86.3333367721936));
#2142=CARTESIAN_POINT('',(75.8333333333333,-27.5000001862645,86.3333367721936));
#2143=CARTESIAN_POINT('',(75.8333333333333,-15.,86.3333367721936));
#2144=CARTESIAN_POINT('',(90.8333333333333,-27.5000001862645,86.3333367721936));
#2145=CARTESIAN_POINT('',(137.916668156103,-27.5000001862645,86.3333367721936));
#2146=CARTESIAN_POINT('',(90.8333333333333,-25.000000372529,86.3333367721936));
#2147=CARTESIAN_POINT('',(90.8333333333333,-25.000000372529,86.3333367721936));
#2148=CARTESIAN_POINT('',(-90.8333333266667,-25.000000372529,86.3333367721936));
#2149=CARTESIAN_POINT('Origin',(65.8335867412853,-25.,40.5000084794048));
#2150=CARTESIAN_POINT('',(90.8333333333333,-25.000000372529,78.0000000447035));
#2151=CARTESIAN_POINT('',(90.8333333333333,-25.000000372529,86.3333367721936));
#2152=CARTESIAN_POINT('',(75.0000011175871,-25.,78.0000011622906));
#2153=CARTESIAN_POINT('',(85.2083333333333,-25.000000372529,78.0000000447035));
#2154=CARTESIAN_POINT('',(68.3327253145294,-25.,71.4000000447035));
#2155=CARTESIAN_POINT('',(68.3327253145294,-25.,71.4000000447035));
#2156=CARTESIAN_POINT('',(68.3223539734765,-25.,10.0000001490116));
#2157=CARTESIAN_POINT('',(68.3249298824344,-25.,25.2497936848509));
#2158=CARTESIAN_POINT('',(73.533333161225,-25.,10.0000001490116));
#2159=CARTESIAN_POINT('',(69.6834599512551,-25.,10.0000001490116));
#2160=CARTESIAN_POINT('',(90.8333333333333,-25.,33.2337066513182));
#2161=CARTESIAN_POINT('',(83.3333333333333,-25.,23.1612906378065));
#2162=CARTESIAN_POINT('',(90.8333333333333,-25.000000372529,26.5181829791226));
#2163=CARTESIAN_POINT('',(90.8333333333333,-25.,63.4166726257992));
#2164=CARTESIAN_POINT('',(83.3333333333333,-25.,16.4456535532481));
#2165=CARTESIAN_POINT('',(83.3333333333333,-25.,16.4456535532481));
#2166=CARTESIAN_POINT('',(73.3211715228776,-25.,2.99928095959045));
#2167=CARTESIAN_POINT('',(80.9676134004432,-25.,13.2684824015929));
#2168=CARTESIAN_POINT('',(68.3211715942076,-25.,3.00012553132682));
#2169=CARTESIAN_POINT('',(67.0742120691541,-25.,3.00033616068407));
#2170=CARTESIAN_POINT('',(68.3213893583271,-25.,-6.99987446630213));
#2171=CARTESIAN_POINT('',(68.3211715942076,-25.,3.00012553132682));
#2172=CARTESIAN_POINT('',(63.3335510974528,-25.,-6.99998308352285));
#2173=CARTESIAN_POINT('',(64.5840861084681,-25.,-6.99995585135728));
#2174=CARTESIAN_POINT('',(63.3333333333333,-25.,3.00001691410609));
#2175=CARTESIAN_POINT('',(63.3333333333333,-25.,3.00001691410609));
#2176=CARTESIAN_POINT('',(63.3333333333333,-25.,71.4000000447035));
#2177=CARTESIAN_POINT('',(63.3333333333333,-25.,59.2500042620541));
#2178=CARTESIAN_POINT('',(58.4189768785541,-25.,71.4000000447035));
#2179=CARTESIAN_POINT('',(58.4189768785541,-25.,71.4000000447035));
#2180=CARTESIAN_POINT('',(7.48783818954412,-25.,2.99928095959045));
#2181=CARTESIAN_POINT('',(26.8748877321293,-25.,29.0361645594006));
#2182=CARTESIAN_POINT('',(2.48783826087426,-25.,3.00012553132682));
#2183=CARTESIAN_POINT('',(34.1575444633072,-25.,2.99477606349899));
#2184=CARTESIAN_POINT('',(2.48805602499374,-25.,-6.99987446630213));
#2185=CARTESIAN_POINT('',(2.48783826087426,-25.,3.00012553132682));
#2186=CARTESIAN_POINT('',(-2.49978223588053,-25.,-6.99998308352285));
#2187=CARTESIAN_POINT('',(31.6674194261919,-25.,-6.99923904446419));
#2188=CARTESIAN_POINT('',(-2.5,-25.,3.00001691410609));
#2189=CARTESIAN_POINT('',(-2.5,-25.,3.00001691410609));
#2190=CARTESIAN_POINT('',(-7.5,-25.,3.00001691410609));
#2191=CARTESIAN_POINT('',(29.1667933706427,-25.,3.0000169141061));
#2192=CARTESIAN_POINT('',(-58.4195366787721,-25.,71.4000000447035));
#2193=CARTESIAN_POINT('',(-31.3229052009371,-25.,35.0012176348745));
#2194=CARTESIAN_POINT('',(-63.3339413521373,-25.,71.4000000447035));
#2195=CARTESIAN_POINT('',(-63.3339413521373,-25.,71.4000000447035));
#2196=CARTESIAN_POINT('',(-63.3454950724591,-25.,3.00012553132682));
#2197=CARTESIAN_POINT('',(-63.3423260955063,-25.,21.7609765703787));
#2198=CARTESIAN_POINT('',(-63.3452773083396,-25.,-6.99987446630213));
#2199=CARTESIAN_POINT('',(-63.3454950724591,-25.,3.00012553132682));
#2200=CARTESIAN_POINT('',(-68.3331155692138,-25.,-6.99998308352285));
#2201=CARTESIAN_POINT('',(-1.24924725608424,-25.,-6.9985222375711));
#2202=CARTESIAN_POINT('',(-68.3333333333333,-25.,3.0000169141061));
#2203=CARTESIAN_POINT('',(-68.3333333333333,-25.,3.0000169141061));
#2204=CARTESIAN_POINT('',(-3.74987329602459,-25.,3.00001691410658));
#2205=CARTESIAN_POINT('',(-83.3333333266667,-25.,23.1492220791802));
#2206=CARTESIAN_POINT('',(-83.3333333266667,-25.,23.1492220791803));
#2207=CARTESIAN_POINT('',(-73.5444445219235,-25.,10.0000001490116));
#2208=CARTESIAN_POINT('',(-55.9991770162674,-25.,-13.5682128379681));
#2209=CARTESIAN_POINT('',(-68.3333333333333,-25.,10.0000001490116));
#2210=CARTESIAN_POINT('',(-1.24987329602401,-25.,10.0000001490116));
#2211=CARTESIAN_POINT('',(-68.3333333333333,-25.,71.4000000447035));
#2212=CARTESIAN_POINT('',(-68.3333333333333,-25.,59.2500042620541));
#2213=CARTESIAN_POINT('',(-68.3333333333333,-25.,71.4000000447035));
#2214=CARTESIAN_POINT('',(-2.5,-25.,78.0000000447035));
#2215=CARTESIAN_POINT('',(2.49999999751647,-25.,78.0000000447035));
#2216=CARTESIAN_POINT('',(34.1667933694009,-25.,78.0000000447035));
#2217=CARTESIAN_POINT('',(2.49999999751647,-25.,83.0000000447035));
#2218=CARTESIAN_POINT('',(2.49999999751648,-25.,61.7500042620541));
#2219=CARTESIAN_POINT('',(-2.5,-25.,83.0000000447035));
#2220=CARTESIAN_POINT('',(31.6667933706427,-25.,83.0000000447035));
#2221=CARTESIAN_POINT('',(-2.5,-25.,59.2500042620541));
#2222=CARTESIAN_POINT('',(-58.3328265887595,-25.,77.9991554729671));
#2223=CARTESIAN_POINT('',(-63.3328265174294,-25.,78.0000000447035));
#2224=CARTESIAN_POINT('',(3.75354537682514,-25.,77.9886681938219));
#2225=CARTESIAN_POINT('',(-7.71111118859016,-25.,10.0000001490116));
#2226=CARTESIAN_POINT('',(-1.90334268198234,-25.,2.19853886615117));
#2227=CARTESIAN_POINT('',(-2.5,-25.,10.0000001490116));
#2228=CARTESIAN_POINT('',(31.6667933706427,-25.,10.0000001490116));
#2229=CARTESIAN_POINT('',(-2.5,-25.,71.4000000447035));
#2230=CARTESIAN_POINT('',(-2.5,-25.,59.2500042620541));
#2231=CARTESIAN_POINT('',(-9.03409434483584,-25.,78.0000000447035));
#2232=CARTESIAN_POINT('',(-2.5,-25.,71.4000000447035));
#2233=CARTESIAN_POINT('',(1.25038011192796,-25.,78.0000000447035));
#2234=CARTESIAN_POINT('',(7.69999982789159,-25.,10.0000001490116));
#2235=CARTESIAN_POINT('',(2.48902064014317,-25.,10.0000001490116));
#2236=CARTESIAN_POINT('',(36.7667932845884,-25.,10.0000001490116));
#2237=CARTESIAN_POINT('',(58.3333333333333,-25.,78.0000000447035));
#2238=CARTESIAN_POINT('',(50.689317415342,-25.,67.7341722660483));
#2239=CARTESIAN_POINT('',(9.00400836839529,-25.,78.0000000447035));
#2240=CARTESIAN_POINT('',(34.1670467785946,-25.,78.0000000447035));
#2241=CARTESIAN_POINT('',(2.49941906891137,-25.,71.5603636572432));
#2242=CARTESIAN_POINT('',(2.33743796075689,-25.,71.4000000447035));
#2243=CARTESIAN_POINT('',(2.49159748828127,-25.,25.255353782036));
#2244=CARTESIAN_POINT('',(-68.3333333333333,-25.,78.0000000447035));
#2245=CARTESIAN_POINT('',(-63.3333333358169,-25.,78.0000000447035));
#2246=CARTESIAN_POINT('',(1.25012670273422,-25.,78.0000000447035));
#2247=CARTESIAN_POINT('',(-63.3333333358169,-25.,83.0000000447035));
#2248=CARTESIAN_POINT('',(-63.3333333358169,-25.,61.7500042620541));
#2249=CARTESIAN_POINT('',(-68.3333333333333,-25.,83.0000000447035));
#2250=CARTESIAN_POINT('',(-1.24987329602401,-25.,83.0000000447035));
#2251=CARTESIAN_POINT('',(-68.3333333333333,-25.,59.2500042620541));
#2252=CARTESIAN_POINT('',(63.3333333333333,-25.,78.0000000447035));
#2253=CARTESIAN_POINT('',(68.3333333333333,-25.,78.0000000447035));
#2254=CARTESIAN_POINT('',(67.0834600373093,-25.,78.0000000447035));
#2255=CARTESIAN_POINT('',(68.3333333333333,-25.,83.0000000447035));
#2256=CARTESIAN_POINT('',(68.3333333333333,-25.,61.7500042620541));
#2257=CARTESIAN_POINT('',(63.3333333333333,-25.,83.0000000447035));
#2258=CARTESIAN_POINT('',(64.5834600373093,-25.,83.0000000447035));
#2259=CARTESIAN_POINT('',(63.3333333333333,-25.,59.2500042620541));
#2260=CARTESIAN_POINT('Origin',(-73.5444445219235,0.,10.0000001490116));
#2261=CARTESIAN_POINT('',(-73.5444445219235,0.,10.0000001490116));
#2262=CARTESIAN_POINT('Origin',(90.8333333333333,-26.2500001436623,29.8759448152204));
#2263=CARTESIAN_POINT('',(90.8333333333333,-27.5000001862645,33.2337066513182));
#2264=CARTESIAN_POINT('',(90.8333333333333,-12.5000001862645,33.2337066513182));
#2265=CARTESIAN_POINT('',(90.8333333333333,-27.5000001862645,26.5181829791226));
#2266=CARTESIAN_POINT('',(90.8333333333333,-27.5000001862645,86.3333367721936));
#2267=CARTESIAN_POINT('',(90.8333333333333,-12.5000001862645,26.5181829791226));
#2268=CARTESIAN_POINT('Origin',(75.8333333333333,-27.5000001862645,86.3333367721936));
#2269=CARTESIAN_POINT('',(75.8333333333333,-27.5000001862645,13.0888746242948));
#2270=CARTESIAN_POINT('',(117.542771539846,-27.5000001862645,69.1041830650759));
#2271=CARTESIAN_POINT('',(75.8333333333333,-27.5000001862645,6.37312412737362));
#2272=CARTESIAN_POINT('',(75.8333333333333,-27.5000001862645,86.3333367721936));
#2273=CARTESIAN_POINT('',(93.7284506800684,-27.5000001862645,30.4063369346359));
#2274=CARTESIAN_POINT('Origin',(75.8333333333333,-30.,86.3333367721936));
#2275=CARTESIAN_POINT('',(75.8333333333333,-15.,13.0888746242948));
#2276=CARTESIAN_POINT('',(75.8333333333333,-15.,6.37312412737363));
#2277=CARTESIAN_POINT('Origin',(90.8333333333333,-27.5000001862645,86.3333367721936));
#2278=CARTESIAN_POINT('',(90.8333333333333,-27.5000001862645,78.0000000447035));
#2279=CARTESIAN_POINT('',(75.8333333333333,-27.5000001862645,78.0000000447035));
#2280=CARTESIAN_POINT('',(72.0835867412853,-27.5000001862645,78.0000000447035));
#2281=CARTESIAN_POINT('',(90.8333333333333,-27.5000001862645,86.3333367721936));
#2282=CARTESIAN_POINT('',(75.8333333333333,-27.5000001862645,86.3333367721936));
#2283=CARTESIAN_POINT('Origin',(73.3211715228776,0.,2.99928095959045));
#2284=CARTESIAN_POINT('',(73.3211715228776,0.,2.99928095959045));
#2285=CARTESIAN_POINT('Origin',(75.8333333333333,-30.,86.3333367721936));
#2286=CARTESIAN_POINT('',(75.8333333333333,-15.,78.0000000447035));
#2287=CARTESIAN_POINT('Origin',(68.3338401492373,0.,78.0000000447035));
#2288=CARTESIAN_POINT('',(74.9999999886083,-15.,78.0000000447035));
#2289=CARTESIAN_POINT('',(90.8333333333333,-25.6250003259629,78.0000000447035));
#2290=CARTESIAN_POINT('Origin',(90.8333333333333,-25.000000372529,86.3333367721936));
#2291=CARTESIAN_POINT('Origin',(68.3211715942076,0.,3.00012553132682));
#2292=CARTESIAN_POINT('',(68.3211715942076,0.,3.00012553132682));
#2293=CARTESIAN_POINT('Origin',(-68.3333333333333,0.,78.0000000447035));
#2294=CARTESIAN_POINT('',(-68.3333333333333,-15.,71.4000000447035));
#2295=CARTESIAN_POINT('',(-68.3333333333333,0.,10.0000001490116));
#2296=CARTESIAN_POINT('Origin',(-2.5,0.,78.0000000447035));
#2297=CARTESIAN_POINT('',(-2.5,-15.,71.4000000447035));
#2298=CARTESIAN_POINT('',(-2.5,0.,10.0000001490116));
#2299=CARTESIAN_POINT('Origin',(68.3223539734765,0.,10.0000001490116));
#2300=CARTESIAN_POINT('',(68.3327253145294,-15.,71.4000000447035));
#2301=CARTESIAN_POINT('',(68.3223539734765,0.,10.0000001490116));
#2302=CARTESIAN_POINT('Origin',(2.48902064014317,0.,10.0000001490116));
#2303=CARTESIAN_POINT('',(2.49941906891137,-15.,71.5603636572432));
#2304=CARTESIAN_POINT('',(2.48902064014317,0.,10.0000001490116));
#2305=CARTESIAN_POINT('Origin',(63.3333333333333,0.,78.0000000447035));
#2306=CARTESIAN_POINT('',(63.3333333333333,-15.,71.4000000447035));
#2307=CARTESIAN_POINT('',(63.3333333333333,0.,3.00001691410609));
#2308=CARTESIAN_POINT('Origin',(2.48783826087427,0.,3.00012553132682));
#2309=CARTESIAN_POINT('',(7.48783818954413,0.,2.99928095959045));
#2310=CARTESIAN_POINT('',(2.48783826087427,0.,3.00012553132682));
#2311=CARTESIAN_POINT('Origin',(-7.5,0.,3.00001691410609));
#2312=CARTESIAN_POINT('',(-2.5,0.,3.00001691410609));
#2313=CARTESIAN_POINT('',(-7.5,0.,3.00001691410609));
#2314=CARTESIAN_POINT('Origin',(-63.3328265174294,0.,78.0000000447035));
#2315=CARTESIAN_POINT('',(-58.4195366787721,-15.,71.4000000447035));
#2316=CARTESIAN_POINT('Origin',(-58.3328265887595,0.,77.9991554729671));
#2317=CARTESIAN_POINT('',(-63.3328265174294,0.,78.0000000447035));
#2318=CARTESIAN_POINT('',(-58.3328265887595,0.,77.9991554729671));
#2319=CARTESIAN_POINT('Origin',(-7.71111118859015,0.,10.0000001490116));
#2320=CARTESIAN_POINT('',(-7.71111118859016,0.,10.0000001490116));
#2321=CARTESIAN_POINT('Origin',(-2.5,0.,10.0000001490116));
#2322=CARTESIAN_POINT('Origin',(-73.3333333333348,0.,3.00001691410606));
#2323=CARTESIAN_POINT('',(-68.3333333333333,0.,3.0000169141061));
#2324=CARTESIAN_POINT('Origin',(-68.3333333333333,0.,10.0000001490116));
#2325=CARTESIAN_POINT('Origin',(73.533333161225,0.,10.0000001490116));
#2326=CARTESIAN_POINT('',(73.533333161225,0.,10.0000001490116));
#2327=CARTESIAN_POINT('Origin',(7.69999982789159,0.,10.0000001490116));
#2328=CARTESIAN_POINT('',(7.69999982789159,0.,10.0000001490116));
#2329=CARTESIAN_POINT('Origin',(58.3333333333333,0.,78.0000000447035));
#2330=CARTESIAN_POINT('',(58.3333333333333,0.,78.0000000447035));
#2331=CARTESIAN_POINT('Origin',(-2.49978223588053,0.,-6.99998308352285));
#2332=CARTESIAN_POINT('',(2.48805602499374,0.,-6.99987446630213));
#2333=CARTESIAN_POINT('',(-2.49978223588053,0.,-6.99998308352285));
#2334=CARTESIAN_POINT('Origin',(2.48783826087427,-25.,3.00012553132682));
#2335=CARTESIAN_POINT('Origin',(-2.5,-30.,3.00001691410609));
#2336=CARTESIAN_POINT('Origin',(63.3335510974528,0.,-6.99998308352285));
#2337=CARTESIAN_POINT('',(68.3213893583271,0.,-6.99987446630213));
#2338=CARTESIAN_POINT('',(63.3335510974528,0.,-6.99998308352285));
#2339=CARTESIAN_POINT('Origin',(68.3211715942076,-25.,3.00012553132682));
#2340=CARTESIAN_POINT('Origin',(63.3333333333333,-30.,3.00001691410609));
#2341=CARTESIAN_POINT('Origin',(-68.3331155692139,0.,-6.99998308352284));
#2342=CARTESIAN_POINT('',(-63.3452773083396,0.,-6.99987446630213));
#2343=CARTESIAN_POINT('',(-68.3331155692139,0.,-6.99998308352285));
#2344=CARTESIAN_POINT('Origin',(-63.3454950724591,-25.,3.00012553132682));
#2345=CARTESIAN_POINT('',(-63.3454950724591,0.,3.00012553132682));
#2346=CARTESIAN_POINT('Origin',(-68.3333333333333,-30.,3.0000169141061));
#2347=CARTESIAN_POINT('Origin',(7.48783818954413,0.,2.99928095959045));
#2348=CARTESIAN_POINT('',(58.4189768785541,-15.,71.4000000447035));
#2349=CARTESIAN_POINT('Origin',(63.3333333333333,-30.,71.4000000447035));
#2350=CARTESIAN_POINT('Origin',(-63.3454950724591,0.,3.00012553132682));
#2351=CARTESIAN_POINT('',(-63.3339413521373,-15.,71.4000000447035));
#2352=CARTESIAN_POINT('Origin',(-58.4195366787721,-30.,71.4000000447035));
#2353=CARTESIAN_POINT('Origin',(-63.3328265174294,0.,78.0000000447035));
#2354=CARTESIAN_POINT('',(-9.03409434483585,-15.,78.0000000447035));
#2355=CARTESIAN_POINT('Origin',(-2.5,-30.,71.4000000447035));
#2356=CARTESIAN_POINT('Origin',(-68.3333333333333,-30.,71.4000000447035));
#2357=CARTESIAN_POINT('Origin',(75.0000011175871,-30.,78.0000011622906));
#2358=CARTESIAN_POINT('Origin',(2.50050681590395,0.,78.0000000447035));
#2359=CARTESIAN_POINT('',(9.00400836839529,-15.,78.0000000447035));
#2360=CARTESIAN_POINT('Origin',(9.00400836839529,-30.,78.0000000447035));
#2361=CARTESIAN_POINT('Origin',(-63.3333333358169,-30.,83.0000000447035));
#2362=CARTESIAN_POINT('',(-63.3333333358169,-30.,78.0000000447035));
#2363=CARTESIAN_POINT('',(-63.3333333358169,-30.,83.0000000447035));
#2364=CARTESIAN_POINT('Origin',(-63.3333333358169,-30.,78.0000000447035));
#2365=CARTESIAN_POINT('',(-68.3333333333333,-30.,78.0000000447035));
#2366=CARTESIAN_POINT('Origin',(-68.3333333333333,-30.,78.0000000447035));
#2367=CARTESIAN_POINT('',(-68.3333333333333,-30.,83.0000000447035));
#2368=CARTESIAN_POINT('Origin',(-68.3333333333333,-30.,83.0000000447035));
#2369=CARTESIAN_POINT('Origin',(2.49999999751647,-30.,83.0000000447035));
#2370=CARTESIAN_POINT('',(2.49999999751647,-30.,78.0000000447035));
#2371=CARTESIAN_POINT('',(2.49999999751647,-30.,83.0000000447035));
#2372=CARTESIAN_POINT('Origin',(2.49999999751647,-30.,78.0000000447035));
#2373=CARTESIAN_POINT('',(-2.5,-30.,78.0000000447035));
#2374=CARTESIAN_POINT('Origin',(-2.5,-30.,78.0000000447035));
#2375=CARTESIAN_POINT('',(-2.5,-30.,83.0000000447035));
#2376=CARTESIAN_POINT('Origin',(-2.5,-30.,83.0000000447035));
#2377=CARTESIAN_POINT('Origin',(68.3333333333333,-30.,83.0000000447035));
#2378=CARTESIAN_POINT('',(68.3333333333333,-30.,78.0000000447035));
#2379=CARTESIAN_POINT('',(68.3333333333333,-30.,83.0000000447035));
#2380=CARTESIAN_POINT('Origin',(68.3333333333333,-30.,78.0000000447035));
#2381=CARTESIAN_POINT('',(63.3333333333333,-30.,78.0000000447035));
#2382=CARTESIAN_POINT('Origin',(63.3333333333333,-30.,78.0000000447035));
#2383=CARTESIAN_POINT('',(63.3333333333333,-30.,83.0000000447035));
#2384=CARTESIAN_POINT('Origin',(63.3333333333333,-30.,83.0000000447035));
#2385=CARTESIAN_POINT('Origin',(124.166666666667,0.,78.0000000447035));
#2386=CARTESIAN_POINT('',(0.,0.,0.));
#2387=UNCERTAINTY_MEASURE_WITH_UNIT(LENGTH_MEASURE(0.01),#2393,
'DISTANCE_ACCURACY_VALUE',
'Maximum model space distance between geometric entities at asserted c
onnectivities');
#2388=UNCERTAINTY_MEASURE_WITH_UNIT(LENGTH_MEASURE(0.01),#2393,
'DISTANCE_ACCURACY_VALUE',
'Maximum model space distance between geometric entities at asserted c
onnectivities');
#2389=UNCERTAINTY_MEASURE_WITH_UNIT(LENGTH_MEASURE(0.01),#2393,
'DISTANCE_ACCURACY_VALUE',
'Maximum model space distance between geometric entities at asserted c
onnectivities');
#2390=(
GEOMETRIC_REPRESENTATION_CONTEXT(3)
GLOBAL_UNCERTAINTY_ASSIGNED_CONTEXT((#2387))
GLOBAL_UNIT_ASSIGNED_CONTEXT((#2393,#2395,#2396))
REPRESENTATION_CONTEXT('','3D')
);
#2391=(
GEOMETRIC_REPRESENTATION_CONTEXT(3)
GLOBAL_UNCERTAINTY_ASSIGNED_CONTEXT((#2388))
GLOBAL_UNIT_ASSIGNED_CONTEXT((#2393,#2395,#2396))
REPRESENTATION_CONTEXT('','3D')
);
#2392=(
GEOMETRIC_REPRESENTATION_CONTEXT(3)
GLOBAL_UNCERTAINTY_ASSIGNED_CONTEXT((#2389))
GLOBAL_UNIT_ASSIGNED_CONTEXT((#2393,#2395,#2396))
REPRESENTATION_CONTEXT('','3D')
);
#2393=(
LENGTH_UNIT()
NAMED_UNIT(*)
SI_UNIT(.MILLI.,.METRE.)
);
#2394=(
LENGTH_UNIT()
NAMED_UNIT(*)
SI_UNIT($,.METRE.)
);
#2395=(
NAMED_UNIT(*)
PLANE_ANGLE_UNIT()
SI_UNIT($,.RADIAN.)
);
#2396=(
NAMED_UNIT(*)
SI_UNIT($,.STERADIAN.)
SOLID_ANGLE_UNIT()
);
#2397=SHAPE_DEFINITION_REPRESENTATION(#2399,#2402);
#2398=SHAPE_DEFINITION_REPRESENTATION(#2400,#2403);
#2399=PRODUCT_DEFINITION_SHAPE('',$,#2405);
#2400=PRODUCT_DEFINITION_SHAPE('',$,#2406);
#2401=PRODUCT_DEFINITION_SHAPE($,$,#14);
#2402=SHAPE_REPRESENTATION('',(#1525,#1602),#2390);
#2403=SHAPE_REPRESENTATION('',(#1526),#2391);
#2404=PRODUCT_DEFINITION_CONTEXT('part definition',#2412,'design');
#2405=PRODUCT_DEFINITION('Bridge','Bridge v23',#2407,#2404);
#2406=PRODUCT_DEFINITION('Truss 1','Truss 1',#2408,#2404);
#2407=PRODUCT_DEFINITION_FORMATION('',$,#2414);
#2408=PRODUCT_DEFINITION_FORMATION('',$,#2415);
#2409=PRODUCT_RELATED_PRODUCT_CATEGORY('Bridge v23','Bridge v23',(#2414));
#2410=PRODUCT_RELATED_PRODUCT_CATEGORY('Truss 1','Truss 1',(#2415));
#2411=APPLICATION_PROTOCOL_DEFINITION('international standard',
'automotive_design',2009,#2412);
#2412=APPLICATION_CONTEXT(
'Core Data for Automotive Mechanical Design Process');
#2413=PRODUCT_CONTEXT('part definition',#2412,'mechanical');
#2414=PRODUCT('Bridge','Bridge v23',$,(#2413));
#2415=PRODUCT('Truss 1','Truss 1',$,(#2413));
#2416=PRESENTATION_STYLE_ASSIGNMENT((#2417));
#2417=SURFACE_STYLE_USAGE(.BOTH.,#2418);
#2418=SURFACE_SIDE_STYLE('',(#2419));
#2419=SURFACE_STYLE_FILL_AREA(#2420);
#2420=FILL_AREA_STYLE('Steel - Satin',(#2421));
#2421=FILL_AREA_STYLE_COLOUR('Steel - Satin',#2422);
#2422=COLOUR_RGB('Steel - Satin',0.627450980392157,0.627450980392157,0.627450980392157);
ENDSEC;
END-ISO-10303-21;
